obj_nam	SMILES	ymatrix	
mol0000000000	C#Cc1cccc(Nc2ncnc3cc(OCCOC)c(OCCOC)cc23)c1	1.0000	
mol0000000001	CN1C(=O)CN=C(c2ccccc2)c2cc(Cl)ccc21	0.0000	
mol0000000002	C[NH+](Cc1ccc(C(C)(C)C)cc1)Cc1cccc2ccccc12	0.0000	
mol0000000003	[O-]c1c(Cl)cc(Cl)c(Cl)c1Cc1c(O)c(Cl)cc(Cl)c1Cl	0.0000	
mol0000000004	COc1cc2c(cc1OC)CC(=O)N(CCC[N@H+](C)C[C@H]1Cc3cc(OC)c(OC)cc31)CC2	0.0000	
mol0000000005	C[C@@H]1C[C@H]2[C@@H]3CC=C4CC(=O)C=C[C@]4(C)[C@@]3(Cl)[C@@H](O)C[C@]2(C)[C@@]1(O)C(=O)CCl	0.0000	
mol0000000006	COc1cc2c(cc1OC)C(=O)C(CC1CC[NH+](Cc3ccccc3)CC1)C2	0.0000	
mol0000000007	[NH2+]=c1cc(N2CCCCC2)[nH]c(=[NH2+])n1[O-]	0.0000	
mol0000000008	[NH3+][C@@H]1C[C@H]1c1ccccc1	0.0000	
mol0000000009	CCc1cc(C(N)=S)ccn1	0.0000	
mol0000000010	CC[C@@H](CO)NCC[NH2+][C@@H](CC)CO	0.0000	
mol0000000011	CC(=O)NCCCS(=O)(=O)[O-]	0.0000	
mol0000000012	Clc1ccc(CSC(Cn2ccnc2)c2ccc(Cl)cc2Cl)cc1	0.0000	
mol0000000013	CC[C@H]1OC(=O)[C@@H](C)[C@@H](O[C@H]2C[C@@](C)(OC)[C@@H](O)[C@H](C)O2)[C@H](C)[C@@H](O[C@@H]2O[C@H](C)C[C@H]([NH+](C)C)[C@H]2O)[C@](C)(OC)C[C@@H](C)C(=O)[C@H](C)[C@@H](O)[C@]1(C)O	1.0000	
mol0000000014	CCc1c(C)cn(C(=O)NCCc2ccc(S(=O)(=O)[N-]C(=O)NC3CCC(C)CC3)cc2)c1O	0.0000	
mol0000000015	CC[C@H](C)C[C@@H](C)CCCCCCCCC(=O)N[C@H]1C[C@@H](O)[C@@H](NCC[NH3+])NC(=O)[C@@H]2CCCN2C(=O)[C@H]([C@H](O)CC[NH3+])NC(=O)[C@H]([C@H](O)[C@@H](O)c2ccc(O)cc2)NC(=O)[C@@H]2C[C@@H](O)CN2C(=O)[C@H]([C@@H](C)O)NC1=O	1.0000	
mol0000000016	CCCCCCCCCCC[C@@H](C[C@@H]1OC(=O)[C@@H]1CCCCCC)OC(=O)[C@@H](CC(C)C)NC=O	0.0000	
mol0000000017	Fc1ccc([C@@H]2CC[NH2+]C[C@H]2COc2ccc3c(c2)OCO3)cc1	0.0000	
mol0000000018	CC(=O)N[C@H](Cc1ccc2ccccc2c1)C(=O)N[C@H](Cc1ccc(Cl)cc1)C(=O)N[C@H](Cc1cccnc1)C(=O)N[C@@H](CO)C(=O)N(C)[C@@H](Cc1ccc(O)cc1)C(=O)N[C@H](CC(N)=O)C(=O)N[C@@H](CC(C)C)C(=O)N[C@@H](CCCC[NH2+]C(C)C)C(=O)N1CCC[C@H]1C(=O)N[C@H](C)C(N)=O	0.0000	
mol0000000019	CN1C(=O)CC(C)(c2ccccc2)C1=O	0.0000	
mol0000000020	CCCCCCC[NH+](CC)CCCC(O)c1ccc(NS(C)(=O)=O)cc1	0.0000	
mol0000000021	CC[NH+](CC)CC=NC(=O)c1c(C)[nH]c(Cc2c([O-])[nH]c3ccc(F)cc23)c1C	1.0000	
mol0000000022	CN(C)C(=O)Oc1cccc([N+](C)(C)C)c1	0.0000	
mol0000000023	O=C(NCC(O)CO)c1c(I)c(C(=O)NCC(O)CO)c(I)c(N(CCO)C(=O)CO)c1I	0.0000	
mol0000000024	CNS(=O)(=O)CCc1ccc2[nH]cc(C3CC[NH+](C)CC3)c2c1	0.0000	
mol0000000025	C#C[C@]1(O)CC[C@H]2[C@@H]3[C@H](C)C=C4CC(=O)CC[C@H]4[C@H]3CC[C@@]21C	0.0000	
mol0000000026	Cc1c(C)c2c(c(C)c1OC(=O)CCC(=O)OCCO)CCC(C)(CCCC(C)CCCC(C)CCCC(C)C)O2	0.0000	
mol0000000027	Cc1ccccc1N1C(=O)c2cc(S(N)(=O)=O)c(Cl)cc2NC1C	0.0000	
mol0000000028	CC(C)[NH2+]CC(O)COc1cccc2ccccc12	0.0000	
mol0000000029	C/N=C(\NC#N)NCCSCc1[nH]cnc1C	1.0000	
mol0000000030	COC(=O)CCc1ccc(OCC(O)C[NH2+]C(C)C)cc1	0.0000	
mol0000000031	CCNC(=O)CCC/C=C\C[C@H]1[C@@H](O)C[C@@H](O)[C@@H]1/C=C/[C@@H](O)CCc1ccccc1	0.0000	
mol0000000032	COc1ccc2c3c1O[C@H]1C[C@@H](O)C=C[C@@]31CC[N@H+](C)C2	0.0000	
mol0000000033	C[C@@H](O[C@@H]1OCCN(Cc2n[nH]c(=O)[nH]2)[C@@H]1c1ccc(F)cc1)c1cc(C(F)(F)F)cc(C(F)(F)F)c1	0.0000	
mol0000000034	CCN(CC)C(=S)SSC(=S)N(CC)CC	0.0000	
mol0000000035	CC1=C(S[C@@H]2CN[C@H](C(=O)Nc3cccc(C(=O)[O-])c3)C2)[C@@H](C(=O)[O-])N2C(=O)[C@H]([C@@H](C)O)[C@@H]12	0.0000	
mol0000000036	CC1(C)SC2C(NC(=O)C([NH3+])c3ccccc3)C(=O)N2C1C(=O)[O-]	0.0000	
mol0000000037	C[N+](C)(C)CCOC(=O)CCC(=O)OCC[N+](C)(C)C	0.0000	
mol0000000038	COC(=O)N[C@H](C(=O)N[C@@H](Cc1ccccc1)[C@@H](O)CN(Cc1ccc(-c2ccccn2)cc1)NC(=O)[C@H](NC(=O)OC)C(C)(C)C)C(C)(C)C	0.0000	
mol0000000039	CC(C)C[C@H](C[NH3+])CC(=O)[O-]	0.0000	
mol0000000040	CO[C@H]1/C=C\O[C@@]2(C)Oc3c(C)c([O-])c4c([O-])c(c5c(c4c3C2=O)=N[C@]2(CC[N@H+](CC(C)C)CC2)N=5)NC(=O)/C(C)=C\C=C/[C@@H](C)[C@H](O)[C@@H](C)[C@@H](O)[C@@H](C)[C@H](OC(C)=O)[C@@H]1C	0.0000	
mol0000000041	O=C1C=NC(c2ccccn2)c2cc(Br)ccc2N1	0.0000	
mol0000000042	C[C@]12CC[C@@H]3C4=C(CC[C@H]3[C@@H]1CC[C@@H]2O)CC(=O)CC4	0.0000	
mol0000000043	C[C@H](c1ncncc1F)[C@](O)(Cn1cncn1)c1ccc(F)cc1F	0.0000	
mol0000000044	CS(=O)(=O)CCNCc1ccc(-c2ccc3[nH]cn/c(=[NH+]\c4ccc(OCc5cccc(F)c5)c(Cl)c4)c3c2)o1	1.0000	
mol0000000045	C[NH+](C)CCCN1c2ccccc2CCc2ccccc21	0.0000	
mol0000000046	CC1(C)O[C@@H]2C[C@H]3[C@@H]4CC(F)=C5CC(=O)CC[C@]5(C)[C@H]4[C@@H](O)C[C@]3(C)[C@]2(C(=O)CO)O1	0.0000	
mol0000000047	NC(=O)CC[C@@H]1NC(=O)[C@H](Cc2ccccc2)NC(=O)[C@H](Cc2ccc(O)cc2)NC(=O)[C@@H](NC(=O)CNC(=O)CNC(=O)C[NH3+])CSSC[C@@H](C(=O)N2CCC[C@H]2C(=O)N[C@@H](CCCC[NH3+])C(=O)NCC(N)=O)NC(=O)[C@H](CC(N)=O)NC1=O	0.0000	
mol0000000048	C[C@]12C[C@H](O)[C@@]3(F)[C@@H](CC=C4CC(=O)C=C[C@@]43C)[C@@H]1C[C@@H](O)[C@]2(O)C(=O)CO	0.0000	
mol0000000049	C=C1C[C@@H]2[C@H](CC[C@]3(C)C(=O)CC[C@@H]23)[C@@]2(C)C=CC(=O)C=C12	0.0000	
mol0000000050	CC(=O)O[C@H]1C[C@@H]2CC[C@@H]3[C@H](CC[C@@]4(C)[C@H]3C[C@H]([N+]3(C)CCCCC3)[C@@H]4OC(C)=O)[C@@]2(C)C[C@@H]1[NH+]1CCCCC1	0.0000	
mol0000000051	CC#C[C@]1(O)CC[C@H]2C3=C(C4=C(CC3)CC(=O)CC4)[C@@H](c3ccc(N(C)C)cc3)C[C@@]21C	0.0000	
mol0000000052	CCC(=O)O[C@H](O[P@](=O)(CCCCc1ccccc1)CC(=O)N1C[C@H](C2CCCCC2)C[C@H]1C(=O)[O-])C(C)C	0.0000	
mol0000000053	CCOP(=O)(OCC)SCC[N+](C)(C)C	0.0000	
mol0000000054	Cc1c(C)c2c(c(C)c1O)CCC(C)(COc1ccc(Cc3sc(=O)[nH]c3[O-])cc1)O2	0.0000	
mol0000000055	CCN(CC)C(=O)N[C@H]1C=C2c3cccc4[nH]cc(c34)C[C@H]2N(C)C1	0.0000	
mol0000000056	CC(C)CC(NC(=O)C(COC(C)(C)C)NC(=O)C(Cc1ccc(O)cc1)NC(=O)C(CO)NC(=O)C(Cc1c[nH]c2ccccc12)NC(=O)C(Cc1c[nH]cn1)NC(=O)C1CCC(=O)N1)C(=O)NC(CCC[NH+]=C(N)N)C(=O)N1CCCC1C(=O)NNC(N)=O	0.0000	
mol0000000057	CCOC(=O)c1ccc(N)cc1	0.0000	
mol0000000058	CC(C)(C)[NH2+]C[C@H](O)COc1nsnc1N1CCOCC1	0.0000	
mol0000000059	CC(C)[NH+]1CCN(c2ccc(OC[C@H]3CO[C@](Cn4cncn4)(c4ccc(Cl)cc4Cl)O3)cc2)CC1	0.0000	
mol0000000060	COc1ccc2cc(CCC(C)=O)ccc2c1	0.0000	
mol0000000061	C[C@@H](CN1CC(=O)NC(=O)C1)N1CC(=O)NC(=O)C1	0.0000	
mol0000000062	CC(COc1ccccc1)[NH2+]C(C)C(O)c1ccc(O)cc1	0.0000	
mol0000000063	CCCc1nn(C)c2c(=O)[nH]c(-c3cc(S(=O)(=O)N4CC[NH+](C)CC4)ccc3OCC)nc12	0.0000	
mol0000000064	CC1=C(C(=O)[O-])N2C(=O)C(NC(=O)C([NH3+])c3ccc(O)cc3)C2SC1	0.0000	
mol0000000065	O=C([O-])c1ccc(-n2nc(-c3ccccc3O)nc2-c2ccccc2O)cc1	0.0000	
mol0000000066	C#C[C@]1(O)CC[C@H]2[C@@H]3CC=C4CC(=O)CC[C@@H]4[C@H]3C(=C)C[C@@]21CC	0.0000	
mol0000000067	Cc1ccc(S(=O)(=O)[N-]C(=O)NN2CC3CCCC3C2)cc1	0.0000	
mol0000000068	Cn1nnc2c(C(N)=O)ncn2c1=O	1.0000	
mol0000000069	C[C@@H](/C=C/[C@@H](C)[C@H]1CC[C@H]2/C(=C/C=C3C[C@@H](O)C[C@H](O)C3)CCC[C@@]21C)C(C)(C)O	0.0000	
mol0000000070	CSCCC1NC(=O)C(CC(C)C)NC(=O)C(CCC[NH+]=C(N)N)NC(=O)C(CO)NC(=O)C2CSSCC3NC(=O)C(CO)NC(=O)CNC(=O)C(C(C)O)NC(=O)C(CSSCC(N)C(=O)NC(CCCC[NH3+])C(=O)NCC(=O)NC(CCCC[NH3+])C(=O)NCC(=O)NC(C)C(=O)NC(CCCC[NH3+])C(=O)N2)NC(=O)C(CSSCC(C(N)=O)NC(=O)C(CCCC[NH3+])NC(=O)CNC(=O)C(CO)NC(=O)C(CCC[NH+]=C(N)N)NC3=O)NC(=O)C(CC(=O)[O-])NC(=O)C(Cc2ccc(O)cc2)NC1=O	0.0000	
mol0000000071	CC1(C)SC2C(NC(=O)COc3ccccc3)C(=O)N2C1C(=O)[O-]	0.0000	
mol0000000072	COc1ccc(CC(C)[NH2+]CC(O)c2ccc(O)c(NC=O)c2)cc1	0.0000	
mol0000000073	CC(=O)Oc1c(C)cc(OCC(O)C[NH2+]C(C)C)c(C)c1C	0.0000	
mol0000000074	C[N@@H+]1CC[C@]23c4c5ccc(O)c4O[C@H]2[C@@H](O)C=C[C@H]3[C@H]1C5	0.0000	
mol0000000075	Cc1nc(-c2ccc(OCC(C)C)c(C#N)c2)sc1C(=O)[O-]	0.0000	
mol0000000076	COc1ccc2c3c1O[C@@H]1C(=O)CC[C@@]4(O)[C@@H](C2)[N@@H+](C)CC[C@]314	0.0000	
mol0000000077	CCOc1nc2cccc(C(=O)[O-])c2n1Cc1ccc(-c2ccccc2-c2nn[n-]n2)cc1	0.0000	
mol0000000078	C/[NH+]=C1\CN(O)C(c2ccccc2)=c2cc(Cl)ccc2=N1	0.0000	
mol0000000079	CC12CC3CC(C)(C1)CC([NH3+])(C3)C2	0.0000	
mol0000000080	C[NH2+]CCCC1c2ccccc2C=Cc2ccccc21	0.0000	
mol0000000081	O=c1[nH]cnc2c1ncn2[C@H]1CC[C@@H](CO)O1	1.0000	
mol0000000082	Clc1ccc(COC(Cn2ccnc2)c2ccc(Cl)cc2Cl)c(Cl)c1	0.0000	
mol0000000083	c1ccc2c(c1)CCCC2C1=[NH+]CCN1	0.0000	
mol0000000084	CC(=O)CCCCn1c(=O)c2c(ncn2C)n(C)c1=O	0.0000	
mol0000000085	CC(=O)/[NH+]=c1/[nH]nc(S(N)(=O)=O)s1	0.0000	
mol0000000086	[O-]c1cc2cc(CCN3CCN(c4nsc5ccccc45)CC3)c(Cl)cc2[nH]1	0.0000	
mol0000000087	CCOc1ccccc1O[C@@H](c1ccccc1)[C@@H]1C[NH2+]CCO1	0.0000	
mol0000000088	CC(C)(C)NC(=O)[C@@H]1CN(Cc2cccnc2)CCN1C[C@@H](O)C[C@H](Cc1ccccc1)C(=O)N[C@H]1c2ccccc2C[C@H]1O	0.0000	
mol0000000089	CN(C)[C@@H]1C(=O)[C-](C(N)=O)C(=O)[C@]2(O)[C@H]1Cc1c(c(O)c3c([O-])ccc(Cl)c3c1O)[C@H]2O	0.0000	
mol0000000090	Clc1ccc2c(c1)C(c1ccccc1)=NCc1nncn1-2	0.0000	
mol0000000091	COCc1c(-c2ccc(F)cc2)/c(=C/C[C@@H](O)C[C@@H](O)CC(=O)[O-])c(C(C)C)nc1=C(C)C	0.0000	
mol0000000092	C[NH2+]C(C)C1CCC(N)C(OC2C(N)CC(N)C(OC3OCC(C)(O)C([NH2+]C)C3O)C2O)O1	0.0000	
mol0000000093	C=CCOc1ccccc1OCC(O)C[NH2+]C(C)C	0.0000	
mol0000000094	CN1C(CCl)Nc2cc(Cl)c(S(N)(=O)=O)cc2S1(=O)=O	0.0000	
mol0000000095	O=C1CCc2ccc(OCCCC[NH+]3CCN(c4cccc(Cl)c4Cl)CC3)cc2N1	0.0000	
mol0000000096	CCOC(=O)n1ccn(C)c1=S	0.0000	
mol0000000097	COc1ccc2c(c1)c(CC(=O)[O-])c(C)n2C(=O)c1ccc(Cl)cc1	0.0000	
mol0000000098	CC(C)CN(C[C@@H](O)[C@H](Cc1ccccc1)NC(=O)O[C@H]1CO[C@H]2OCC[C@@H]12)S(=O)(=O)c1ccc(N)cc1	1.0000	
mol0000000099	COCCCC/C(=N\OCC[NH3+])c1ccc(C(F)(F)F)cc1	0.0000	
mol0000000100	C[NH2+][C@H](CC(C)C)C(=O)N[C@H]1C(=O)N[C@@H](CC(N)=O)C(=O)N[C@H]2C(=O)Nc3c([O-])[nH]c(c([O-])[nH]c(=C([O-])[O-])c4cc(O)cc(O)c4c4cc3ccc4[O-])[C@H](O[C@H]3C[C@](C)([NH3+])[C@@H](O)[C@H](C)O3)c3ccc(c(Cl)c3)Oc3cc2cc(c3O[C@@H]2O[C@H](CO)[C@@H](O)[C@H](O)[C@H]2O[C@H]2C[C@](C)([NH2+]Cc3ccc(-c4ccc(Cl)cc4)cc3)[C@@H](O)[C@H](C)O2)Oc2ccc(cc2Cl)[C@H]1O	0.0000	
mol0000000101	O=P1(N(CCCl)CCCl)NCCCO1	1.0000	
mol0000000102	COc1ccc2cc(C(C)C(=O)[O-])ccc2c1	0.0000	
mol0000000103	C[NH+](C)CCCOc1nn(Cc2ccccc2)c2ccccc12	0.0000	
mol0000000104	c1ccc2c(CC3=[NH+]CCN3)cccc2c1	0.0000	
mol0000000105	COC(=O)C1=C(C)[NH+]=C(C)C(C(=O)OC(C)C)C1c1cccc2nonc12	0.0000	
mol0000000106	CCCCS(=O)(=O)NC(Cc1ccc(OCCCCC2CC[NH2+]CC2)cc1)C(=O)[O-]	0.0000	
mol0000000107	CS(=O)(=O)OCCCCOS(C)(=O)=O	0.0000	
mol0000000108	CNNCc1ccc(C(=O)NC(C)C)cc1	0.0000	
mol0000000109	O=C1c2cccc3c2[C@@H](CCC3)CN1[C@@H]1C[N@H+]2CC[C@@H]1CC2	0.0000	
mol0000000110	NC(=O)N1c2ccccc2CC(=O)c2ccccc21	0.0000	
mol0000000111	Oc1cn2c(n1)Nc1ccc(Cl)c(Cl)c1C2	1.0000	
mol0000000112	Cc1cccc([C@H](C)c2c[nH]cn2)c1C	0.0000	
mol0000000113	CC[NH+](CC)CCOC(=O)C1(C2CCCCC2)CCCCC1	0.0000	
mol0000000114	C[C@H]1C[C@H]2[C@@H]3CC=C4CC(=O)C=C[C@]4(C)[C@@]3(Cl)[C@@H](O)C[C@]2(C)[C@@]1(O)C(=O)CO	0.0000	
mol0000000115	O=C1NC(=O)C(c2ccccc2)(c2ccccc2)N1	1.0000	
mol0000000116	CN1C(=O)CC(=O)N(c2ccccc2)c2cc(Cl)ccc21	0.0000	
mol0000000117	CN1C(CSCC(F)(F)F)Nc2cc(Cl)c(S(N)(=O)=O)cc2S1(=O)=O	0.0000	
mol0000000118	CCCCCc1cc(O)c2c(c1)OC(C)(C)[C@@H]1CCC(C)=C[C@@H]21	0.0000	
mol0000000119	C1CCC(C(CC2CCCC[NH2+]2)C2CCCCC2)CC1	0.0000	
mol0000000120	Cc1nnc(C(=O)NC(C)(C)c2nc(C(=O)NCc3ccc(F)cc3)c([O-])c(=O)n2C)o1	0.0000	
mol0000000121	NC(=[NH2+])NCCCCC1NC(=O)CCSSCC(C(N)=O)NC(=O)C2CCCN2C(=O)C(Cc2c[nH]c3ccccc23)NC(=O)C(CC(=O)[O-])NC(=O)CNC1=O	0.0000	
mol0000000122	CCCN(CCC)S(=O)(=O)c1ccc(C(=O)[O-])cc1	0.0000	
mol0000000123	CC(C)(C)NC(=O)[C@H]1CC[C@H]2[C@@H]3CC[C@H]4NC(=O)C=C[C@]4(C)[C@H]3CC[C@]12C	0.0000	
mol0000000124	O=C([O-])Cc1ccccc1Nc1c(Cl)cccc1Cl	0.0000	
mol0000000125	CCC1(c2ccccc2)C(=O)NC(=O)NC1=O	0.0000	
mol0000000126	COc1cc(Br)c(C[N+]2(CCOCCC3CCC4CC3C4(C)C)CCOCC2)cc1OC	0.0000	
mol0000000127	Cc1ncc2n1-c1ccc(Cl)cc1C(c1ccccc1F)=NC2	0.0000	
mol0000000128	FCOC(C(F)(F)F)C(F)(F)F	0.0000	
mol0000000129	COCC(=O)Nc1c(I)c(C(=O)NCC(O)CO)c(I)c(C(=O)N(C)CC(O)CO)c1I	0.0000	
mol0000000130	O=S([O-])([O-])=S	0.0000	
mol0000000131	CC(C)([NH3+])Cc1ccccc1	0.0000	
mol0000000132	[NH3+]CC(=O)[O-]	0.0000	
mol0000000133	O=C(NCC1CCCC[NH2+]1)c1cc(OCC(F)(F)F)ccc1OCC(F)(F)F	0.0000	
mol0000000134	Cc1cnc(C(=O)[O-])c[n+]1[O-]	0.0000	
mol0000000135	[NH3+]C12CC3CC(CC(C3)C1)C2	0.0000	
mol0000000136	CC(C(=O)[O-])c1cccc(C(=O)c2ccccc2)c1	0.0000	
mol0000000137	CC(C(=O)[O-])c1cccc(C(=O)c2ccccc2)c1	0.0000	
mol0000000138	O=NN(CCCl)C(=O)NCCCl	1.0000	
mol0000000139	CCCCC[C@](C)(O)/C=C/[C@H]1[C@H](O)C[C@H](O)[C@@H]1C/C=C\CCCC(=O)[O-]	0.0000	
mol0000000140	C[C@H]([NH3+])[C@@H](O)c1ccccc1	0.0000	
mol0000000141	C[C@@H]([NH3+])[C@@H](O)c1ccccc1	0.0000	
mol0000000142	C[C@]12C[C@@H](C=O)C(=O)C[C@@H]1CC[C@@H]1[C@@H]2CC[C@@]2(C)[C@H]1CC[C@]2(C)O	0.0000	
mol0000000143	NS(=O)(=O)c1cc2c(cc1C(F)(F)F)NCNS2(=O)=O	0.0000	
mol0000000144	C[C@]12CC[C@@H]3c4ccc(O)cc4CC[C@H]3[C@@H]1CCC2=O	0.0000	
mol0000000145	CN(C/C=C/C#CC(C)(C)C)Cc1cccc2ccccc12	0.0000	
mol0000000146	CC(C)Cn1cnc2c(=[NH2+])[nH]c3ccccc3c21	0.0000	
mol0000000147	FC(F)OC(F)C(F)(F)F	0.0000	
mol0000000148	O=C1CC[C@@]2(O)[C@H]3Cc4ccc(O)c5c4[C@@]2(CCN3CC2CC2)[C@@H]1O5	1.0000	
mol0000000149	CCC1(c2ccccc2)C(=O)NCNC1=O	0.0000	
mol0000000150	CCn1c([O-])c(-c2ccccc2)[nH]c1=O	0.0000	
mol0000000151	CCOc1ccccc1OCC[NH2+][C@H](C)Cc1ccc(OC)c(S(N)(=O)=O)c1	0.0000	
mol0000000152	COc1ccc2[nH]cc(CCNC(C)=O)c2c1	0.0000	
mol0000000153	CC(=O)Oc1cc2c(s1)CCN(C(C(=O)C1CC1)c1ccccc1F)C2	0.0000	
mol0000000154	COC(=O)[C@H](c1ccccc1)[C@H]1CCCC[NH2+]1	0.0000	
mol0000000155	COC(=O)C(c1ccccc1)C1CCCC[NH2+]1	0.0000	
mol0000000156	O=C([C@H](O)CO)[C@H](O)[C@H](O)CO	0.0000	
mol0000000157	CC(C)CN(C[C@@H](O[PH](=O)(=O)[O-])[C@H](Cc1ccccc1)NC(=O)O[C@H]1CCOC1)S(=O)(=O)c1ccc(N)cc1	0.0000	
mol0000000158	NC1CONC1=O	0.0000	
mol0000000159	CO[C@@]12/C(=C/OC(N)=O)c3c(O)c(N)c(C)c(O)c3N1C[C@@H]1[NH2+][C@@H]12	0.0000	
mol0000000160	C[C@H]1CN(c2c(F)c(N)c3c(=O)c(C(=O)[O-])cn(C4CC4)c3c2F)C[C@@H](C)[NH2+]1	0.0000	
mol0000000161	COc1c(N2C[C@@H]3CCC[NH2+][C@@H]3C2)c(F)cc2c(=O)c(C(=O)[O-])cn(C3CC3)c12	0.0000	
mol0000000162	C/C(=C\c1csc(C)n1)[C@@H]1C[C@@H]2O[C@]2(C)CCC[C@H](C)[C@H](O)[C@@H](C)C(=O)C(C)(C)[C@@H](O)CC(=O)N1	0.0000	
mol0000000163	C=CC1=C(C(=O)[O-])N2C(=O)/C(=N/C(=O)C(NOCC(=O)[O-])c3csc(=N)[nH]3)C2SC1	0.0000	
mol0000000164	CCOc1cc(CC(=O)N[C@@H](CC(C)C)c2ccccc2N2CCCCC2)ccc1C(=O)[O-]	0.0000	
mol0000000165	CC(CS)C(=O)N1CCCC1C(=O)[O-]	0.0000	
mol0000000166	CCC[NH2+][C@@H]1CCc2[nH]c(=[NH2+])sc2C1	0.0000	
mol0000000167	CN(Cc1cnc2[nH]c(=[NH2+])[nH]c(=[NH2+])c2n1)c1ccc(C(=O)NC(CCC(=O)[O-])C(=O)[O-])cc1	1.0000	
mol0000000168	OC[C@H](O)[C@@H](O)[C@H](O)[C@H](O)CO	0.0000	
mol0000000169	OC[C@@H](O)[C@@H](O)[C@H](O)[C@H](O)CO	0.0000	
mol0000000170	CCC[NH+](CCC)CCc1cccc2[nH]c([O-])cc12	0.0000	
mol0000000171	Nc1ccc(S(N)(=O)=O)cc1	0.0000	
mol0000000172	CN(C)/N=N/c1[nH]cnc1C(N)=O	1.0000	
mol0000000173	Cc1[nH+]ccn1CC1CCc2c(c3ccccc3n2C)C1=O	0.0000	
mol0000000174	NC(=O)N1c2ccccc2C=Cc2ccccc21	0.0000	
mol0000000175	O=C(CCCCC(=O)Nc1c(I)cc(I)c(C(=O)[O-])c1I)Nc1c(I)cc(I)c(C(=O)[O-])c1I	0.0000	
mol0000000176	O=c1[nH]c2ccccc2n1CCC[NH+]1CCC(n2c(=O)[nH]c3cc(Cl)ccc32)CC1	0.0000	
mol0000000177	C[NH+]1CCC(=C2c3ccccc3CCc3sccc32)CC1	0.0000	
mol0000000178	CCOC(=O)O[C@]1(C(=O)COC(=O)CC)CC[C@H]2[C@@H]3CC=C4CC(=O)C=C[C@]4(C)[C@H]3[C@@H](O)C[C@@]21C	0.0000	
mol0000000179	NS(=O)(=O)c1cc2c(cc1Cl)N=C[N-]S2(=O)=O	0.0000	
mol0000000180	CN1C(=O)C(O)N=C(c2ccccc2Cl)c2cc(Cl)ccc21	0.0000	
mol0000000181	CC(C)(C(=O)c1cccnc1)c1cccnc1	0.0000	
mol0000000182	CC(C)n1c(/C=C/[C@@H](O)C[C@H](O)CC(=O)[O-])c(-c2ccc(F)cc2)c2ccccc21	0.0000	
mol0000000183	CN(CCOc1ccc(Cc2sc(=O)[nH]c2[O-])cc1)c1ccccn1	0.0000	
mol0000000184	CC1/C(=N/C(=O)C(NOC(C)(C)C(=O)[O-])c2csc(=N)[nH]2)C(=O)N1S(=O)(=O)[O-]	0.0000	
mol0000000185	COc1cccc2c(O)c3c([O-])c4c(c([O-])c3c(O)c12)=C(O[C@H]1C[C@H]([NH3+])[C@H](O)[C@H](C)O1)C[C@](O)(C(C)=O)C=4	0.0000	
mol0000000186	CC(O)C(O)C1CNc2[nH]c(=[NH2+])[nH]c(=O)c2N1	0.0000	
mol0000000187	[NH2+]=c1[nH]c(=[NH2+])c2nc(-c3ccccc3)c(=[NH2+])[nH]c2[nH]1	0.0000	
mol0000000188	S=P(N1CC1)(N1CC1)N1CC1	0.0000	
mol0000000189	CCCC[NH+](CCCC)CCC(O)c1cc2c(Cl)cc(Cl)cc2c2cc(C(F)(F)F)ccc12	0.0000	
mol0000000190	CC1=C(/C=C/C(C)=C/C=C/C(C)=C/CO)C(C)(C)CCC1	0.0000	
mol0000000191	CC1(C)SC2C(NC(=O)C(C(=O)[O-])c3ccccc3)C(=O)N2C1C(=O)[O-]	0.0000	
mol0000000192	OC[C@H]1O[C@@H](n2cnc3c2N=CNC[C@H]3O)C[C@@H]1O	0.0000	
mol0000000193	C[C@]12CC[C@@H]3c4ccc(OC(=O)N(CCCl)CCCl)cc4CC[C@H]3[C@@H]1CC[C@@H]2O	0.0000	
mol0000000194	O=C(C1CCCCC1)N1CC(=O)N2CCc3ccccc3C2C1	0.0000	
mol0000000195	Nc1nc2ccc(OC(F)(F)F)cc2s1	0.0000	
mol0000000196	C[C@]12CC(=O)[C@@H]3[C@@H](CC=C4CC(=O)C=C[C@@]43C)[C@@H]1CC[C@]2(O)C(=O)CO	0.0000	
mol0000000197	C[C@H]1C[C@H]2[C@@H]3CC(F)=C4CC(=O)C=C[C@]4(C)[C@@]3(F)[C@@H](O)C[C@]2(C)[C@@]1(O)C(=O)CO	0.0000	
mol0000000198	C[C@@H]1C[C@H]2[C@@H]3CC(F)=C4CC(=O)C=C[C@]4(C)[C@@]3(F)[C@@H](O)C[C@]2(C)[C@@]1(O)C(=O)CO	0.0000	
mol0000000199	CC(=O)[C@@]1(O)C=C(O[C@H]2C[C@H]([NH3+])[C@H](O)[C@H](C)O2)c2c(c([O-])c3c(O)c4ccccc4c(O)c3c2[O-])C1	0.0000	
mol0000000200	CCCCCOC(=O)/[NH+]=c1\[nH]c(=O)n([C@@H]2O[C@H](C)[C@@H](O)[C@H]2O)cc1F	1.0000	
mol0000000201	CCC1=C[C@H]2CN(C1)Cc1c([nH]c3ccccc13)[C@@](C(=O)OC)(c1cc3c(cc1OC)N(C)[C@H]1[C@@](O)(C(=O)OC)[C@H](OC(C)=O)[C@]4(CC)C=CCN5CC[C@]31[C@@H]54)C2	0.0000	
mol0000000202	CCOC(=O)C(CCc1ccccc1)NC(C)C(=O)N1CCCC1C(=O)[O-]	0.0000	
mol0000000203	CC1=NS(=O)(=O)c2cc(Cl)ccc2N1	0.0000	
mol0000000204	C[NH+](C)CCCN1c2ccccc2CCc2ccc(Cl)cc21	0.0000	
mol0000000205	CCCCCCC(C)(C)c1cc(O)c2c(c1)OC(C)(C)[C@@H]1CCC(=O)C[C@@H]21	0.0000	
mol0000000206	CN(C)S(=O)(=O)c1ccc2c(c1)/C(=C/CCN1CC[NH+](C)CC1)c1ccccc1S2	0.0000	
mol0000000207	CCNC(=O)C1CCCN1C(=O)C(CCC[NH+]=C(N)N)NC(=O)C(CC(C)C)NC(=O)C(CC(C)C)NC(=O)C(Cc1ccc(O)cc1)NC(=O)C(CO)NC(=O)C(Cc1c[nH]c2ccccc12)NC(=O)C(Cc1c[nH]cn1)NC(=O)C1CCC(=O)N1	0.0000	
mol0000000208	CCC(=O)N(c1ccccc1)C1(COC)CC[NH+](CCc2cccs2)CC1	0.0000	
mol0000000209	CC(C)OC(=O)CCC/C=C/C[C@H]1[C@@H](O)C[C@@H](O)[C@@H]1CC[C@@H](O)CCc1ccccc1	0.0000	
mol0000000210	CC(=O)OCC(CCn1cnc2c[nH]c(=[NH2+])nc21)COC(C)=O	0.0000	
mol0000000211	O=c1[nH]cc(F)c(=O)[nH]1	0.0000	
mol0000000212	N/C(NCCCCCC/[NH+]=C(N)/[NH+]=C(\N)Nc1ccc(Cl)cc1)=[NH+]\C(=[NH2+])Nc1ccc(Cl)cc1	0.0000	
mol0000000213	OCc1cc(C(O)C[NH2+]CCCCCCOCCCCc2ccccc2)ccc1O	0.0000	
mol0000000214	C[C@]1(O)CC[C@H]2[C@@H]3CC=C4CC(=O)CC[C@]4(C)[C@H]3CC[C@@]21C	0.0000	
mol0000000215	C[C@@H]1C[C@H]2[C@@H]3CC=C4CC(=O)C=C[C@]4(C)[C@@]3(F)[C@@H](O)C[C@]2(C)[C@@]1(O)C(=O)CO	0.0000	
mol0000000216	C[C@H]1C[C@H]2[C@@H]3CC=C4CC(=O)C=C[C@]4(C)[C@@]3(F)[C@@H](O)C[C@]2(C)[C@@]1(O)C(=O)CO	0.0000	
mol0000000217	CCN(CC)C(=O)[C@]1(c2ccccc2)C[C@@H]1C[NH3+]	0.0000	
mol0000000218	NS(=O)(=O)c1cc(Cl)c(Cl)c(S(N)(=O)=O)c1	0.0000	
mol0000000219	Clc1cccc(Cl)c1NC1=[NH+]CCN1	0.0000	
mol0000000220	CCCCNc1ccc(C(=O)OCC[NH+](C)C)cc1	0.0000	
mol0000000221	CC[NH+](CC)CCOc1ccc(/C(=C(\Cl)c2ccccc2)c2ccccc2)cc1	0.0000	
mol0000000222	C[N+]1(C)CCCC(OC(=O)C(O)(c2ccccc2)c2ccccc2)C1	0.0000	
mol0000000223	COC(=O)C(c1ccccc1Cl)N1CCc2sccc2C1	0.0000	
mol0000000224	S=c1[nH]cnc2[nH]cnc12	1.0000	
mol0000000225	CCC1(c2ccccc2)NC(=O)N(C)C1=O	0.0000	
mol0000000226	C=C1/C(=C\C=C2/CCC[C@@]3(C)[C@H]2CC[C@@H]3[C@H](C)CCCC(C)(C)O)C[C@@H](O)C[C@@H]1O	0.0000	
mol0000000227	CCCCC[C@H](O)/C=C/[C@@H]1[C@H](CCCCCCC(=O)[O-])C(=O)C[C@H]1O	0.0000	
mol0000000228	O=C1OC2(c3ccc(O)cc3Oc3cc(O)ccc32)c2ccccc21	0.0000	
mol0000000229	COc1ccccc1OCC(O)COC(N)=O	0.0000	
mol0000000230	CCCC(=O)Nc1ccc(OCC(O)C[NH2+]C(C)C)c(C(C)=O)c1	0.0000	
mol0000000231	COc1cc(C(=O)[N-]S(=O)(=O)c2ccccc2C)ccc1Cc1cn(C)c2ccc(NC(=O)OC3CCCC3)cc12	1.0000	
mol0000000232	Nc1cccc2c1CN(C1CCC(=O)NC1=O)C2=O	1.0000	
mol0000000233	CO/N=C(\C(=O)NC1C(=O)N2C(C(=O)[O-])=C(COC(C)=O)CSC12)c1csc(=N)[nH]1	0.0000	
mol0000000234	O=NN(CCCl)C(=O)NC1CCCCC1	1.0000	
mol0000000235	Cc1ccc(C(=O)NC2C(=O)NC(C(C)C)C(=O)N3CCCC3C(=O)N(C)CC(=O)N(C)C(C(C)C)C(=O)OC2C)c2c1Oc1c(C)c([O-])c(N)c(C(=O)/N=C3\C(=O)NC(C(C)C)C(=O)N4CCCC4C(=O)N(C)CC(=O)N(C)C(C(C)C)C(=O)OC3C)c1N2	1.0000	
mol0000000236	C[C@H]1COc2c(N3CC[NH+](C)CC3)c(F)cc3c(=O)c(C(=O)[O-])cn1c23	1.0000	
mol0000000237	CC1COc2c(N3CC[NH+](C)CC3)c(F)cc3c(=O)c(C(=O)[O-])cn1c23	1.0000	
mol0000000238	Cc1nnc(C(C)C)n1[C@H]1C[C@@H]2CC[C@H](C1)[N@H+]2CC[C@H](NC(=O)C1CCC(F)(F)CC1)c1ccccc1	1.0000	
mol0000000239	O=C1C=NC(c2ccccc2Cl)c2cc([N+](=O)[O-])ccc2N1	0.0000	
mol0000000240	CC(C)CC(NC(=O)C(Cc1ccccc1)NC(=O)c1cnccn1)B(O)O	1.0000	
mol0000000241	Cc1ccccc1C(=O)Nc1ccc(C(=O)N2CCC[C@@H](O)c3cc(Cl)ccc32)c(C)c1	0.0000	
mol0000000242	O=C(c1ccc(OCC[NH+]2CCCCC2)cc1)c1c(-c2ccc(O)cc2)sc2cc(O)ccc12	0.0000	
mol0000000243	CCC1(C)CC(=O)NC1=O	0.0000	
mol0000000244	CCOC(=O)C1=C(C)[NH+]=C(C)C(C(=O)OC)C1c1cccc(Cl)c1Cl	0.0000	
mol0000000245	CN(CCCl)CCCl	0.0000	
mol0000000246	Cc1cn([C@H]2C[C@H](N=[N+]=[N-])[C@@H](CO)O2)c(=O)[nH]c1=O	0.0000	
mol0000000247	[NH2+]=c1[nH]c(F)nc2c1ncn2[C@@H]1O[C@H](CO)[C@@H](O)[C@@H]1O	0.0000	
mol0000000248	Oc1cccc(/C2=c3\cc/c([nH]3)=C(\c3cccc(O)c3)c3ccc([nH]3)/C(c3cccc(O)c3)=c3/cc/c([nH]3)=C(\c3cccc(O)c3)c3ccc2[nH]3)c1	0.0000	
mol0000000249	CC[NH2+][C@H]1CN(CCCOC)S(=O)(=O)c2sc(S(N)(=O)=O)cc21	0.0000	
mol0000000250	C[NH2+]CCCN1c2ccccc2CCc2ccccc21	0.0000	
mol0000000251	CCOC(=O)[C@H](CCc1ccccc1)N[C@@H](C)C(=O)N1[C@H](C(=O)[O-])C[C@@H]2CCC[C@@H]21	0.0000	
mol0000000252	CC(C)C([NH3+])C(=O)OCCOCn1cnc2c(=O)[nH]c(=[NH2+])[nH]c21	0.0000	
mol0000000253	NS(=O)(=O)c1cc2c(cc1C(F)(F)F)NC(Cc1ccccc1)NS2(=O)=O	0.0000	
mol0000000254	CC(C)Cc1ccc(C(C)C(=O)[O-])cc1	0.0000	
mol0000000255	Cc1ccc(C)c(OCCCC(C)(C)C(=O)[O-])c1	0.0000	
mol0000000256	CC(=O)C(NC(=O)C1CSSCC(NC(=O)C(N)Cc2ccc3ccccc3c2)C(=O)NC(Cc2ccc(O)cc2)C(=O)NC(Cc2c[nH]c3ccccc23)C(=O)NC(CCCC[NH3+])C(=O)NC(C(C)C)C(=O)N1)C(N)O	0.0000	
mol0000000257	C[C@]12CC(=O)[C@@H]3[C@@H](CC=C4CC(=O)CC[C@@]43C)[C@@H]1CC[C@]2(O)C(=O)CO	0.0000	
mol0000000258	CCOC(=O)C(CCc1ccccc1)NC1CCC[NH+]2CCCC(C(=O)[O-])N2C1=O	0.0000	
mol0000000259	CC#CC[C@H](C)[C@H](O)/C=C/[C@@H]1[C@H]2C/C(=C/CCCC(=O)[O-])C[C@H]2C[C@H]1O	0.0000	
mol0000000260	CCS(=O)(=O)CCn1c([N+](=O)[O-])cnc1C	0.0000	
mol0000000261	C=C1/C(=C\C=C2/CCC[C@@]3(C)[C@H]2CC[C@@H]3[C@H](C)/C=C/[C@H](C)C(C)C)C[C@@H](O)C[C@@H]1O	0.0000	
mol0000000262	O=P1(NCCCl)OCCCN1CCCl	1.0000	
mol0000000263	CCC(C(N)=O)N1CCCC1=O	0.0000	
mol0000000264	N#Cc1ccc(C(c2ccc(C#N)cc2)n2cncn2)cc1	0.0000	
mol0000000265	COc1ccccc1OCC(O)CO	0.0000	
mol0000000266	COc1ccc([C@@H]2Sc3ccccc3N(CC[NH+](C)C)C(=O)[C@H]2OC(C)=O)cc1	0.0000	
mol0000000267	CC(=O)NC1C(O)OC(COS(=O)(=O)[O-])C(OC2OC(C(=O)[O-])C(OC3OC(CO)C(OC4OC(C(=O)[O-])C(O)C(O)C4OS(=O)(=O)[O-])C(OS(=O)(=O)[O-])C3NS(=O)(=O)[O-])C(O)C2OS(=O)(=O)[O-])C1O	0.0000	
mol0000000268	CCN(C(C)=O)c1cccc(-c2ccnc3c(C#N)cnn23)c1	1.0000	
mol0000000269	O=C([O-])c1cc(-c2ccc(F)cc2F)ccc1O	0.0000	
mol0000000270	CO/N=C(\C(=O)NC1C(=O)N2C(C(=O)[O-])=C(C[N+]3(C)CCCC3)CSC12)c1csc(=N)[nH]1	0.0000	
mol0000000271	OC(CC[NH+]1CCCCC1)(c1ccccc1)C1CCCCC1	0.0000	
mol0000000272	NC(=O)C(c1ccccc1)(c1ccccc1)C1CC[NH+](CCc2ccc3c(c2)CCO3)C1	0.0000	
mol0000000273	CCCSc1ccc2[nH]/c(=[NH+]\C(=O)OC)[nH]c2c1	0.0000	
mol0000000274	Cc1cnc(C(=O)NCCc2ccc(S(=O)(=O)[N-]C(=O)NC3CCCCC3)cc2)cn1	0.0000	
mol0000000275	C/N=C(/[CH-][N+](=O)[O-])NCCSCc1ccc(C[NH+](C)C)o1	0.0000	
mol0000000276	COc1cc2c(c(OC)c1OC)-c1ccc(OC)c(=O)cc1[C@@H](NC(C)=O)CC2	0.0000	
mol0000000277	CC[NH2+][C@H]1C[C@H](C)S(=O)(=O)c2sc(S(N)(=O)=O)cc21	0.0000	
mol0000000278	OCCN1C[C@H](O)[C@@H](O)[C@H](O)[C@H]1CO	0.0000	
mol0000000279	CC(C)(C)C(O)/C=C/c1ccc2c(c1)OCO2	0.0000	
mol0000000280	CCC(=O)N(c1ccccc1)C1(COC)CCN(CCn2nnn(CC)c2=O)CC1	0.0000	
mol0000000281	COc1cc(Cc2c[nH]c(=[NH2+])[nH]c2=[NH2+])cc(OC)c1OC	0.0000	
mol0000000282	Nc1cc(Cl)c(NC2=[NH+]CCN2)c(Cl)c1	0.0000	
mol0000000283	Oc1ccc2c(c1)[C@@]13CCCC[C@@]1(O)[C@@H](C2)[NH+](CC1CCC1)CC3	0.0000	
mol0000000284	C[C@@H]1C[C@H]2[C@@H]3[C@H](Cl)C=C4CC(=O)C=C[C@]4(C)[C@H]3[C@@H](O)C[C@]2(C)[C@@]1(O)C(=O)CO	0.0000	
mol0000000285	C[C@@H]1C[C@@H]2[C@H]3CC(F)=C4CC(=O)C=C[C@@]4(C)[C@@]3(Cl)[C@H](O)C[C@]2(C)[C@@H]1C(=O)CO	0.0000	
mol0000000286	COc1cc(C)c(/C=C/C(C)=C/C=C/C(C)=C\C(=O)[O-])c(C)c1C	0.0000	
mol0000000287	CC(C)(Oc1ccc(CCNC(=O)c2ccc(Cl)cc2)cc1)C(=O)[O-]	0.0000	
mol0000000288	COc1cc(OC)c2c(c1Cl)O[C@@]1(C2=O)[C@H](C)CC(=O)C[C@H]1OC	0.0000	
mol0000000289	C[C@H]1O[C@@H](O[C@H]2[C@@H](O)C[C@H](O[C@H]3[C@@H](O)C[C@H](O[C@H]4CC[C@]5(C)[C@H]6C[C@@H](O)[C@]7(C)[C@@H](c8coc([O-])c8)CC[C@]7(O)[C@@H]6CC[C@@H]5C4)O[C@@H]3C)O[C@@H]2C)C[C@H](O)[C@@H]1O	0.0000	
mol0000000290	Cc1[nH]c2c([nH+]1)CCN(C(=O)c1ccc(NC(=O)c3ccccc3-c3ccccc3)cc1)c1ccccc1-2	0.0000	
mol0000000291	Fc1ccccc1C1=NCC(=S)N(CC(F)(F)F)c2ccc(Cl)cc21	0.0000	
mol0000000292	O=c1[nH]c([O-])cn1/N=C/c1ccc(-c2ccc([N+](=O)[O-])cc2)o1	1.0000	
mol0000000293	C[NH2+]C1(C)C2CCC(C2)C1(C)C	0.0000	
mol0000000294	COc1cc(NC(C)CCC[NH3+])c2ncccc2c1	0.0000	
mol0000000295	NC(=[NH2+])NC(=O)Cc1c(Cl)cccc1Cl	0.0000	
mol0000000296	Cc1cccc(C)c1NC(=O)C1CCCC[NH+]1C	0.0000	
mol0000000297	NC(=O)c1cnccn1	1.0000	
mol0000000298	O=C([O-])CCNC(=O)c1ccc(/N=N\c2ccc(O)c(C(=O)[O-])c2)cc1	1.0000	
mol0000000299	CCC[C@H](N[C@@H](C)C(=O)N1[C@H](C(=O)[O-])C[C@@H]2CCCC[C@@H]21)C(=O)OCC	0.0000	
mol0000000300	Cc1cn([C@@H]2C[C@@H](O)[C@H](CO)O2)c(=O)[nH]c1=O	0.0000	
mol0000000301	CC(O)CN1CC[NH+](CC(=O)[O-])CCN(CC(=O)[O-])CC[NH+](CC(=O)[O-])CC1	0.0000	
mol0000000302	[NH2+]=c1[nH]c(=O)c2ncn(COC(CO)CO)c2[nH]1	0.0000	
mol0000000303	CN1C(=O)OC(C)(C)C1=O	0.0000	
mol0000000304	COCCc1ccc(OCC(O)C[NH2+]C(C)C)cc1	0.0000	
mol0000000305	CCN1CCN(C(=O)N[C@H](C(=O)N[C@H]2C(=O)N3[C@@H]2SC(C)(C)[C@H]3C(=O)[O-])c2ccccc2)C(=O)C1=O	0.0000	
mol0000000306	Cc1nc(=O)c2cc(CN(C)c3ccc(C(=O)NC(CCC(=O)[O-])C(=O)[O-])s3)ccc2[nH]1	0.0000	
mol0000000307	NC(=O)c1ncn([C@@H]2O[C@H](CO)[C@@H](O)[C@H]2O)n1	1.0000	
mol0000000308	CC(C)(C)[NH2+]C[C@H](O)COc1cccc2c1CCCC2=O	0.0000	
mol0000000309	C[NH+](CCOc1ccc(NS(C)(=O)=O)cc1)CCc1ccc(NS(C)(=O)=O)cc1	0.0000	
mol0000000310	CCCCc1oc2ccccc2c1C(=O)c1cc(I)c(OCC[NH+](CC)CC)c(I)c1	0.0000	
mol0000000311	CCc1ccc(CCOc2ccc(Cc3sc(=O)[nH]c3[O-])cc2)nc1	0.0000	
mol0000000312	OCCN(CCO)c1nc(N2CCCCC2)c2[nH+]c(N(CCO)CCO)nc(N3CCCCC3)c2n1	0.0000	
mol0000000313	CSCCC(NC(=O)C(Cc1ccc(OS(=O)(=O)[O-])cc1)NC(=O)C([NH3+])CC(=O)[O-])C(=O)NCC(=O)NC(Cc1c[nH]c2ccccc12)C(=O)NC(CCSC)C(=O)NC(CC(=O)[O-])C(=O)NC(Cc1ccccc1)C(N)=O	0.0000	
mol0000000314	Clc1ccc2c(c1)CCc1cccnc1C2=C1CC[NH2+]CC1	0.0000	
mol0000000315	Oc1c(C2=CCC(c3ccc(Cl)cc3)CC2)c(O)c2ccccc2c1O	0.0000	
mol0000000316	C[NH+](C)CC/C=C1\c2ccccc2COc2ccc(CC(=O)[O-])cc21	0.0000	
mol0000000317	CCOC(=O)N1CCC(=C2c3ccc(Cl)cc3CCc3cccnc32)CC1	0.0000	
mol0000000318	O=C([O-])CCCc1ccc(N(CCCl)CCCl)cc1	1.0000	
mol0000000319	OC[C@H]1O[C@](O)(CO)[C@@H](O)[C@@H]1O[C@@H]1O[C@H](CO)[C@H](O)[C@H](O)[C@H]1O	0.0000	
mol0000000320	CC(=O)C1NC(=O)C(CCCC[NH3+])NC(=O)C(Cc2c[nH]c3ccccc23)NC(=O)C(Cc2ccccc2)NC(=O)C(NC(=O)C(N)Cc2ccccc2)CSSCC(C(=O)NC(CO)C(C)O)NC1O	0.0000	
mol0000000321	CO/N=C(/C(=O)NC1C(=O)N2C(C(=O)[O-])=C(COC(N)=O)CSC12)c1ccco1	0.0000	
mol0000000322	CC1(C)SC2C(NC(=O)Cc3ccccc3)C(=O)N2C1C(=O)[O-]	0.0000	
mol0000000323	CCCC[c-]1c(=O)n(-c2ccccc2)n(-c2ccccc2)c1=O	0.0000	
mol0000000324	CCCCCOc1ccc(-c2ccc(-c3ccc(C(=O)N[C@@H]4C[C@@H](O)[C@@H](O)NC(=O)[C@H]5[C@@H](O)[C@@H](C)CN5C(=O)[C@H]([C@H](C)O)NC(=O)[C@H]([C@H](O)[C@@H](O)c5ccc(O)cc5)NC(=O)[C@@H]5C[C@@H](O)CN5C(=O)[C@H]([C@H](C)O)NC4=O)cc3)cc2)cc1	0.0000	
mol0000000325	NS(=O)(=O)c1cc(C2(O)NC(=O)c3ccccc32)ccc1Cl	0.0000	
mol0000000326	C[NH+]1CCC(=C2c3ccccc3C=Cc3ccccc32)CC1	0.0000	
mol0000000327	NC(=O)C(CO)c1ccccc1	0.0000	
mol0000000328	Clc1ccc(C(Cn2ccnc2)OCc2csc3c(Cl)cccc23)c(Cl)c1	0.0000	
mol0000000329	Cc1c/c(=N/S(=O)(=O)c2ccc(N)cc2)[nH]o1	0.0000	
mol0000000330	CCCCNC(=O)[N-]S(=O)(=O)c1ccc(C)cc1	0.0000	
mol0000000331	ClC1C(Cl)C(Cl)C(Cl)C(Cl)C1Cl	0.0000	
mol0000000332	CC(=O)[C@@]1(O)CC[C@H]2C3=CC(Cl)=C4CC(=O)[C@@H]5C[C@@H]5[C@@]4(C)[C@@H]3CC[C@@]21C	1.0000	
mol0000000333	[NH2+]=c1[nH]c(=O)c2ncn(CCC(CO)CO)c2[nH]1	0.0000	
mol0000000334	CCN(CC)C(=O)Nc1ccc(OCC(O)C[NH2+]C(C)(C)C)c(C(C)=O)c1	0.0000	
mol0000000335	Cc1nnc2n1-c1ccc(Cl)cc1C(c1ccccc1Cl)=NC2	0.0000	
mol0000000336	FC(F)OC(F)(F)C(F)Cl	1.0000	
mol0000000337	c1cnc2cc3c(cc2n1)[C@H]1C[NH2+]C[C@@H]3C1	0.0000	
mol0000000338	CCN(CC)C(=O)/C(C#N)=C\c1cc(O)c([O-])c([N+](=O)[O-])c1	0.0000	
mol0000000339	CC(CCc1ccc(O)cc1)[NH2+]CCc1ccc(O)c(O)c1	0.0000	
mol0000000340	CCOC(=O)C(CCc1ccccc1)NC(C)C(=O)N1Cc2ccccc2CC1C(=O)[O-]	0.0000	
mol0000000341	Cc1[nH]cnc1CN1CCc2c(c3ccccc3n2C)C1=O	0.0000	
mol0000000342	[NH2+]=c1ccn([C@@H]2CS[C@H](CO)O2)c(=O)[nH]1	0.0000	
mol0000000343	COc1ccc2[nH]c([S+](O)Cc3ncc(C)c(OC)c3C)nc2c1	0.0000	
mol0000000344	COc1ccc2[nH]c([S@@+](O)Cc3ncc(C)c(OC)c3C)nc2c1	0.0000	
mol0000000345	C[C@H]1C[C@@H]2[C@H]3CC=C4CC(=O)C=C[C@@]4(C)[C@@]3(F)[C@@H](O)C[C@@]2(C)[C@@]1(O)C(=O)CCl	0.0000	
mol0000000346	C[NH+](C)CCC=C1c2ccccc2C=Cc2ccccc21	0.0000	
mol0000000347	Clc1ccc(C(c2ccccc2Cl)C(Cl)Cl)cc1	0.0000	
mol0000000348	CCC[NH2+]CC(O)COc1ccccc1C(=O)CCc1ccccc1	0.0000	
mol0000000349	C[C@]12C=CC(=O)N[C@@H]1CC[C@@H]1[C@@H]2CC[C@@]2(C)[C@H]1CC[C@H]2C(=O)Nc1cc(C(F)(F)F)ccc1C(F)(F)F	0.0000	
mol0000000350	CC(C)[NH2+]CC(O)c1ccc(O)c(O)c1	0.0000	
mol0000000351	CCCn1c(=O)cc[nH]c1=S	0.0000	
mol0000000352	CC[C@]1(O)C[C@H]2CN(CCc3c([nH]c4ccccc34)[C@@](C(=O)OC)(c3cc4c(cc3OC)N(C)[C@H]3[C@@](O)(C(=O)OC)[C@H](OC(C)=O)[C@]5(CC)C=CCN6CC[C@]43[C@@H]65)C2)C1	0.0000	
mol0000000353	CCOC(=O)CC(SP(=S)(OC)OC)C(=O)OCC	0.0000	
mol0000000354	O=C1CCCC(=O)[C-]1C(=O)c1ccc(C(F)(F)F)cc1[N+](=O)[O-]	0.0000	
mol0000000355	Cc1c(C(=O)NN2CCCCC2)nn(-c2ccc(Cl)cc2Cl)c1-c1ccc(Cl)cc1	0.0000	
mol0000000356	O=C([O-])CN1CC[N@H+](CC(=O)[O-])CCN([C@H](CO)[C@H](O)CO)CC[N@@H+](CC(=O)[O-])CC1	0.0000	
mol0000000357	CC(C)[NH2+]CC(O)COc1cccc2[nH]ccc12	0.0000	
mol0000000358	NS(=O)(=O)c1cc2c(cc1Cl)NCNS2(=O)=O	0.0000	
mol0000000359	CCCCC[C@H](O)/C=C/[C@H]1[C@H](O)C[C@@H]2O/C(=C\CCCC(=O)[O-])C[C@@H]21	0.0000	
mol0000000360	Nc1ccc(O)c(C(=O)[O-])c1	1.0000	
mol0000000361	CCOCCn1c(N2CCCN(C)CC2)nc2ccccc21	0.0000	
mol0000000362	NC(=[NH2+])NCCCC(NC(=O)C1CCCN1C(=O)C1CSSCC(N)C(=O)NC(Cc2ccc(O)cc2)C(=O)NC(Cc2ccccc2)C(=O)NC(CCC(N)=O)C(=O)NC(CC(N)=O)C(=O)N1)C(=O)NCC(N)=O	0.0000	
mol0000000363	CCCOc1ccc(C(=O)OCC[NH+](CC)CC)cc1N	0.0000	
mol0000000364	CCC[C@@H]1C[C@@H](C(=O)N[C@@H]([C@H](C)Cl)[C@H]2O[C@H](SC)[C@H](O)[C@@H](O)[C@H]2O)[N@H+](C)C1	0.0000	
mol0000000365	CCC[NH+](CCc1cccs1)C1CCc2c(O)cccc2C1	0.0000	
mol0000000366	C[C@@H](CO)NC(=O)C1=C[C@H]2c3cccc4[nH]cc(c34)C[C@H]2[N@H+](C)C1	0.0000	
mol0000000367	CC(=O)Oc1ccc(C(c2ccc(OC(C)=O)cc2)c2ccccn2)cc1	0.0000	
mol0000000368	CC1(C)O[C@@H]2CO[C@@]3(COS(N)(=O)=O)OC(C)(C)O[C@H]3[C@@H]2O1	0.0000	
mol0000000369	CSc1ccc2c(c1)N(CCC1CCCC[NH+]1C)c1ccccc1S2	1.0000	
mol0000000370	O=C([C@H](O)CO[C@H]1O[C@H](CO[C@H]2O[C@H](CO)[C@@H](O)[C@H](O)[C@H]2O)[C@@H](O)[C@H](O)[C@H]1O)[C@H](O)[C@H](O)CO	0.0000	
mol0000000371	CCc1c(C)[nH]c2c1C(=O)C(CN1CCOCC1)CC2	0.0000	
mol0000000372	CO/N=C(/C(=O)NC1C(=O)N2C(C(=O)[O-])=C(/C=C\c3scnc3C)CSC12)c1csc(=N)[nH]1	0.0000	
mol0000000373	OC(C[NH2+]CC(O)C1CCc2cc(F)ccc2O1)C1CCc2cc(F)ccc2O1	0.0000	
mol0000000374	C=CCN1C[C@@H](C(=O)N(CCC[NH+](C)C)C(=O)NCC)C[C@@H]2c3cccc4[nH]cc(c34)C[C@H]21	0.0000	
mol0000000375	[NH3+]CCC[NH2+]CCS[PH](=O)(=O)[O-]	0.0000	
mol0000000376	CC1CC(=O)NN=C1c1ccc([N-]N=C(C#N)C#N)cc1	0.0000	
mol0000000377	[NH3+]CC(CC(=O)[O-])c1ccc(Cl)cc1	0.0000	
mol0000000378	CNS(=O)(=O)Cc1ccc2[nH]cc(CC[NH+](C)C)c2c1	0.0000	
mol0000000379	C=CCC1(C(C)CCC)C(=O)NC(=O)NC1=O	0.0000	
mol0000000380	CC(C)(C)[NH2+]C[C@@H](O)COc1ccccc1C1CCCC1	0.0000	
mol0000000381	C[NH+](C)CCC=C1c2ccccc2CCc2ccccc21	0.0000	
mol0000000382	Cn1c(=O)c2c(ncn2CC(O)CO)n(C)c1=O	0.0000	
mol0000000383	CC(=O)OCC(=O)[C@@]12OC(C)(C)O[C@@H]1C[C@H]1[C@@H]3CC(F)=C4CC(=O)C=C[C@]4(C)[C@@]3(F)[C@@H](O)C[C@@]12C	0.0000	
mol0000000384	Cc1ccc(NC(=O)c2ccc(CN3CC[NH+](C)CC3)cc2)cc1/[NH+]=c1/nc(-c2cccnc2)cc[nH]1	1.0000	
mol0000000385	CC(=O)C(O)Nc1c(I)c(C(=O)NC(CO)CO)c(I)c(C(=O)NC(CO)CO)c1I	0.0000	
mol0000000386	CN1C=CC=CC1=C=NO	0.0000	
mol0000000387	C[NH2+][C@@H](C)[C@H](O)c1ccccc1	0.0000	
mol0000000388	C[NH2+][C@@H](C)[C@@H](O)c1ccccc1	0.0000	
mol0000000389	C[N+](C)(C)CC(=O)[O-]	0.0000	
mol0000000390	C[C@H]([NH3+])Cc1ccccc1	0.0000	
mol0000000391	CC([NH3+])Cc1ccccc1	0.0000	
mol0000000392	CC[C@@H](c1cccc(O)c1)[C@@H](C)C[NH+](C)C	0.0000	
mol0000000393	C[C@@H]1CNc2c(cccc2S(=O)(=O)N[C@@H](CCCN=C(N)N)C(=O)N2CC[C@@H](C)C[C@H]2C(=O)[O-])C1	0.0000	
mol0000000394	C[NH+](C)CC(c1ccc(O)cc1)C1(O)CCCCC1	0.0000	
mol0000000395	O=C(NCCO[N+](=O)[O-])c1cccnc1	0.0000	
mol0000000396	CCCC[NH+]1CCCCC1C(=O)Nc1c(C)cccc1C	0.0000	
mol0000000397	[NH3+]C(CO)(CO)CO	0.0000	
mol0000000398	Clc1ccc(COC(Cn2ccnc2)c2ccc(Cl)cc2Cl)cc1	0.0000	
mol0000000399	COc1ccc(Cl)cc1C(=O)NCCc1ccc(S(=O)(=O)[N-]C(=O)NC2CCCCC2)cc1	0.0000	
mol0000000400	CC[C@H]1OC(=O)[C@H](C)C(=O)[C@@H](C)[C@@H](O[C@@H]2O[C@H](C)C[C@H]([NH+](C)C)[C@H]2O)[C@](C)(OC)C[C@@H](C)C(=O)[C@@H](C)[C@H]2N(CCCCn3cnc(-c4cccnc4)c3)C(=O)O[C@]12C	1.0000	
mol0000000401	CC(O)(CS(=O)(=O)c1ccc(F)cc1)C(=O)Nc1ccc(C#N)c(C(F)(F)F)c1	1.0000	
mol0000000402	[NH2+]=c1[nH]c(C(CCC(=O)[O-])C(=O)/N=C2\C(=O)N3C(C(=O)[O-])=CCSC23)cs1	0.0000	
mol0000000403	COc1ccc2c3c1O[C@@H]1C(=O)CC[C@H]4[C@@H](C2)[N@H+](C)CC[C@]314	0.0000	
mol0000000404	CC(/C=C/c1c(C)c(O)c2ccccc2c1O)=C\CCC(C)CCCC(C)CCCC(C)C	0.0000	
mol0000000405	Cn1cnc([N+](=O)[O-])c1Sc1ncnc2[nH]cnc12	1.0000	
mol0000000406	CC(C)[NH2+]CC(O)c1cc(O)cc(O)c1	0.0000	
mol0000000407	O=C(CCC[NH+]1CCC(O)(c2ccc(Cl)cc2)CC1)c1ccc(F)cc1	0.0000	
mol0000000408	Cc1onc(-c2ccccc2)c1-c1ccc(S(N)(=O)=O)cc1	0.0000	
mol0000000409	CC[C@H](C)C(=[NH2+])[C@H]1N[C@H](C(=O)N[C@@H](CC(C)C)C(=O)N[C@H](CCC(=O)[O-])C(=O)N[C@H](C(=O)NCCCC[C@@H]2NC(=O)[C@H](CC(N)=O)NC(=O)[C@@H](CC(=O)[O-])NC(=O)[C@H](Cc3c[nH]cn3)NC(=O)[C@@H](Cc3ccccc3)NC(=O)[C@H]([C@@H](C)CC)NC(=O)[C@@H](CCC[NH3+])NC2=O)[C@@H](C)CC)CS1	0.0000	
mol0000000410	C=C[C@H]1C[N@H+]2CC[C@@H]1C[C@H]2[C@H](O)c1ccnc2ccc(OC)cc12	1.0000	
mol0000000411	C=C[C@H]1C[N@@H+]2CC[C@H]1C[C@@H]2[C@@H](O)c1ccnc2ccc(OC)cc12	1.0000	
mol0000000412	CN[C@H]1C(=O)N[C@@H]2Cc3ccc(cc3)Oc3cc4cc(c3O[C@@H]3O[C@H](C(=O)[O-])[C@@H](O)[C@H](O)[C@H]3NC(=O)CCCCCCCCC(C)C)Oc3ccc(cc3Cl)[C@@H](O)c3[nH]c([O-])c(c5ccc([O-])c(c5)c5c(O[C@H]6O[C@H](CO)[C@@H](O)[C@H](O)[C@@H]6O)cc(O)cc5/c(=C(/[O-])NCCC[NH+](C)C)[nH]c3[O-])NC(=O)[C@@H]4NC(=O)[C@@H](NC2=O)c2cc(cc(O)c2Cl)Oc2cc1ccc2O	1.0000	
mol0000000413	CC1(C)SC2C(NC(=O)C([NH3+])c3ccc(O)cc3)C(=O)N2C1C(=O)[O-]	0.0000	
mol0000000414	N#Cc1ccc2c(c1)N(CCC[NH+]1CCC(O)CC1)c1ccccc1S2	0.0000	
mol0000000415	C[C@@H]1O[C@@H]1[PH](=O)(=O)[O-]	0.0000	
mol0000000416	C[N@@H+]1C[C@H](C(=O)N[C@]2(C)O[C@@]3(O)[C@@H]4CCCN4C(=O)[C@@H](Cc4ccccc4)N3C2=O)C[C@@H]2c3cccc4[nH]cc(c34)C[C@H]21	0.0000	
mol0000000417	CC(C)(C)[NH2+]CC(O)COc1cccc2c1CCC(=O)N2	0.0000	
mol0000000418	CC(C)/[NH+]=c1/cc2n(-c3ccc(Cl)cc3)c3ccccc3[nH]c-2c/c1=N\c1ccc(Cl)cc1	0.0000	
mol0000000419	C=C1/C(=C\C=C2/CCC[C@@]3(C)[C@H]2CC[C@@H]3[C@H](C)/C=C/[C@@H](O)C2CC2)C[C@@H](O)C[C@@H]1O	0.0000	
mol0000000420	C#C[C@]1(O)CC[C@H]2[C@@H]3CC=C4CC(=O)CC[C@H]4[C@H]3CC[C@@]21CC	0.0000	
mol0000000421	COc1ccc(-c2ccc3cc(C(=O)[O-])ccc3c2)cc1C12CC3CC(CC(C3)C1)C2	0.0000	
mol0000000422	C[N+]1(C)[C@H]2C[C@@H](OC(=O)[C@@H](CO)c3ccccc3)C[C@@H]1[C@H]1O[C@@H]21	0.0000	
mol0000000423	CNC(=O)c1cnn(-c2nc(=[NH2+])c3ncn([C@@H]4O[C@H](CO)[C@@H](O)[C@H]4O)c3[nH]2)c1	0.0000	
mol0000000424	CCCCNc1cc(C(=O)[O-])cc(S(N)(=O)=O)c1Oc1ccccc1	0.0000	
mol0000000425	CCCCNc1ccc(C(=O)OCCOCCOCCOCCOCCOCCOCCOCCOCCOC)cc1	0.0000	
mol0000000426	C[NH+]1CCCC(n2nc(Cc3ccc(Cl)cc3)c3ccccc3c2=O)CC1	0.0000	
mol0000000427	C[C@]12C[C@H](O)[C@H]3[C@@H](CC=C4CC(=O)CC[C@@]43C)[C@@H]1CC[C@]2(O)C(=O)CO	0.0000	
mol0000000428	[NH2+]=c1[nH]/c(=[NH+]\C2CC2)c2[nH+]cn([C@H]3C=C[C@@H](CO)C3)c2[nH]1	0.0000	
mol0000000429	CC(C(=O)[O-])c1ccc(C(=O)c2cccs2)cc1	0.0000	
mol0000000430	CC1=C(CC(=O)[O-])c2cc(F)ccc2/C1=C\c1ccc([S+](C)O)cc1	0.0000	
mol0000000431	CCCCc1nc(Cl)c(CO)n1Cc1ccc(-c2ccccc2-c2nn[n-]n2)cc1	0.0000	
mol0000000432	C=C1CC[C@H](O)C/C1=C\C=C1/CCC[C@@]2(C)[C@H]1CC[C@@H]2[C@H](C)/C=C/[C@H](C)C(C)C	0.0000	
mol0000000433	CC(C)[NH2+]C[C@H](O)COc1ccc(CC(N)=O)cc1	0.0000	
mol0000000434	CC(C)[NH2+]CC(O)COc1ccc(CC(N)=O)cc1	0.0000	
mol0000000435	C#CC[NH+](C)[C@H](C)Cc1ccccc1	0.0000	
mol0000000436	CC[NH+](CC)CCOC(=O)c1ccc(N)cc1	0.0000	
mol0000000437	[NH3+][C@@H](CC(=O)N1CCn2c(nnc2C(F)(F)F)C1)Cc1cc(F)c(F)cc1F	0.0000	
mol0000000438	Cn1nc(C(=O)N[C@H]2C[C@@H]3CCC[C@H](C2)[N@H+]3C)c2ccccc21	0.0000	
mol0000000439	C/C(=C\C(=O)OCCCCCCCCC(=O)[O-])C[C@@H]1OC[C@H](C[C@@H]2O[C@H]2[C@@H](C)[C@H](C)O)[C@@H](O)[C@H]1O	0.0000	
mol0000000440	Cc1ccc(C(=O)c2cc(O)c([O-])c([N+](=O)[O-])c2)cc1	0.0000	
mol0000000441	COc1cc2c(cc1OC)C1CC(=O)C(CC(C)C)C[NH+]1CC2	0.0000	
mol0000000442	CC(C)OC(=O)CCC/C=C\C[C@H]1[C@@H](O)C[C@@H](O)[C@@H]1/C=C/[C@@H](O)COc1cccc(C(F)(F)F)c1	0.0000	
mol0000000443	[NH2+]=c1[nH]c(=O)c2ncn(COCCO)c2[nH]1	0.0000	
mol0000000444	CC(C)C(=O)Nc1ccc([N+](=O)[O-])c(C(F)(F)F)c1	0.0000	
mol0000000445	COc1ccc2c(c1)[C@]13CCCC[C@@H]1[C@H](C2)[N@@H+](C)CC3	0.0000	
mol0000000446	CNC(=O)c1cc(Oc2ccc(NC(=O)Nc3ccc(Cl)c(C(F)(F)F)c3)cc2)ccn1	0.0000	
mol0000000447	O=C([NH+]=c1c(Cl)c[nH]cc1Cl)c1ccc(OC(F)F)c(OCC2CC2)c1	0.0000	
mol0000000448	Cc1ccc(-c2ncc(Cl)cc2-c2ccc(S(C)(=O)=O)cc2)cn1	1.0000	
mol0000000449	CC(=O)[C@H]1CC[C@H]2[C@@H]3CC=C4CC(=O)CC[C@]4(C)[C@H]3CC[C@]12C	0.0000	
mol0000000450	CN1C(C(=O)/[NH+]=c2\cccc[nH]2)C(=O)c2ccccc2S1(=O)=O	0.0000	
mol0000000451	C[C@]12C[C@H](O)[C@H]3[C@@H](CC=C4CC(=O)C=C[C@@]43C)[C@@H]1CC[C@]2(O)C(=O)CO	0.0000	
mol0000000452	CCC(C)(C)c1ccc(C[C@@H](C)CN2C[C@H](C)O[C@H](C)C2)cc1	0.0000	
mol0000000453	Nc1ccc(S(=O)(=O)c2ccc(N)cc2)cc1	0.0000	
mol0000000454	CC[C@H]1OC(=O)[C@H](C)[C@@H](O[C@H]2C[C@@](C)(OC)[C@@H](O)[C@H](C)O2)[C@H](C)[C@@H](O[C@@H]2O[C@H](C)C[C@H]([NH+](C)C)[C@H]2O)[C@](C)(O)C[C@@H](C)C[N@H+](C)[C@H](C)[C@@H](O)[C@]1(C)O	1.0000	
mol0000000455	Cc1ccc(N(CC2=[NH+]CCN2)c2cccc(O)c2)cc1	0.0000	
mol0000000456	CS(=O)(=O)c1ccc(-c2coc([O-])c2-c2ccccc2)cc1	0.0000	
mol0000000457	CCC[NH2+]C(C)C(=O)Nc1ccccc1C	0.0000	
mol0000000458	CN(C)[C@@H]1C(=O)[C-](C(N)=O)C(=O)[C@@]2(O)C(=O)[C@@H]3C(=O)c4c(O)cccc4[C@@](C)(O)[C@H]3[C@H](O)[C@@H]12	0.0000	
mol0000000459	CCCCC(C)(C)[C@H](O)/C=C/[C@H]1[C@H](O)CC(=O)[C@@H]1CCC/C=C\CC(=O)OC	0.0000	
mol0000000460	O=C([O-])c1cn(C2CC2)c2cc(N3CC[NH2+]CC3)c(F)cc2c1=O	0.0000	
mol0000000461	C[NH2+][C@@H](C)Cc1ccccc1	0.0000	
mol0000000462	C=C(c1ccc(C(=O)[O-])cc1)c1cc2c(cc1C)C(C)(C)CCC2(C)C	0.0000	
mol0000000463	CC(=O)N(CC(O)CN(C(C)=O)c1c(I)c(C(=O)NCC(O)CO)c(I)c(C(=O)NCC(O)CO)c1I)c1c(I)c(C(=O)NCC(O)CO)c(I)c(C(=O)NCC(O)CO)c1I	0.0000	
mol0000000464	CC(C)c1nc(CN(C)C(=O)N[C@H](C(=O)N[C@@H](Cc2ccccc2)C[C@H](O)[C@H](Cc2ccccc2)NC(=O)OCc2cncs2)C(C)C)cs1	1.0000	
mol0000000465	O=C([O-])c1cc(/N=N\c2ccc(S(=O)(=O)/N=c3\cccc[nH]3)cc2)ccc1O	1.0000	
mol0000000466	CC(C)(C)[NH2+]CC(O)c1ccc(O)c(CO)c1	0.0000	
mol0000000467	CC1Cc2ccccc2N1NC(=O)c1ccc(Cl)c(S(N)(=O)=O)c1	0.0000	
mol0000000468	CC(=O)O/C1=C2\[C@H](C)[C@@H](OC(=O)[C@H](O)[C@H](NC(=O)c3ccccc3)c3ccccc3)C[C@@](O)([C@@H](OC(=O)c3ccccc3)[C@H]3[C@](C)(C1=O)[C@@H](O)C[C@H]1OC[C@]13OC(C)=O)C2(C)C	0.0000	
mol0000000469	NC(=[NH2+])NCCCC(NC(=O)C1CCCN1C(=O)C1CSSCCC(=O)NC(Cc2ccc(O)cc2)C(=O)NC(Cc2ccccc2)C(=O)NC(CCC(N)=O)C(=O)NC(CC(N)=O)C(=O)N1)C(=O)NCC(N)=O	0.0000	
mol0000000470	COC(=O)C1=C[C@H]2CC(=O)CC[C@]2(C)[C@@]23O[C@@H]2C[C@@]2(C)[C@@H](CC[C@@]24CCC(=O)O4)[C@H]13	0.0000	
mol0000000471	C[C@]([NH3+])(Cc1ccc(O)cc1)C(=O)[O-]	0.0000	
mol0000000472	CC/C(=C(\c1ccccc1)c1ccc(OCC[NH+](C)C)cc1)c1ccccc1	1.0000	
mol0000000473	NC[C@H]1O[C@H](O[C@@H]2[C@@H](N)C[C@@H](N)[C@H](O[C@H]3O[C@H](CO)[C@@H](O)[C@H]([NH3+])[C@H]3O)[C@H]2O)[C@H]([NH3+])C[C@@H]1O	0.0000	
mol0000000474	CC[C@]12C=CCN3CC[C@@]4(c5cc([C@@]6(C(=O)OC)C[C@H]7C[C@H](C(C)(F)F)CN(Cc8c6[nH]c6ccccc86)C7)c(OC)cc5N(C)[C@H]4[C@@](O)(C(=O)OC)[C@@H]1OC(C)=O)[C@@H]32	0.0000	
mol0000000475	CCCC(=O)O[C@]1(C(=O)COC(C)=O)CC[C@H]2[C@@H]3CC(F)=C4CC(=O)C=C[C@]4(C)[C@@]3(F)[C@@H](O)C[C@@]21C	0.0000	
mol0000000476	N=c1ncn([C@@H]2O[C@H](CO)[C@@H](O)[C@H]2O)c(=O)[nH]1	0.0000	
mol0000000477	CC[NH+](CC)CC(=O)Nc1c(C)cccc1C	0.0000	
mol0000000478	CO/N=C(\C(=O)NC1C(=O)N2C(C(=O)[O-])=CCSC12)c1csc(=N)[nH]1	0.0000	
mol0000000479	CCc1cccc2c3c([nH]c12)C(CC)(CC(=O)[O-])OCC3	0.0000	
mol0000000480	CCCCCCCCCCCCCCCCCCCCCCO	0.0000	
mol0000000481	COc1cc(NCc2ccc3[nH]c(=[NH2+])[nH]c(=[NH2+])c3c2C)cc(OC)c1OC	1.0000	
mol0000000482	CCCC(C)(COC(N)=O)COC(N)=O	0.0000	
mol0000000483	CCOC(=O)c1cncn1C(C)c1ccccc1	0.0000	
mol0000000484	Cc1ccnc2c1NC(=O)c1cccnc1N2C1CC1	1.0000	
mol0000000485	COc1cc([C@@H]2c3cc4c(cc3[C@@H](O[C@H]3O[C@H]5CO[C@H](c6cccs6)O[C@H]5[C@H](O)[C@@H]3O)[C@H]3COC(=O)[C@H]23)OCO4)cc(OC)c1O	0.0000	
mol0000000486	COC1=NC(C)=[NH+]C(Cl)C1N=c1[nH]cc[nH]1	0.0000	
mol0000000487	CC(=O)N(CC(O)CO)c1c(I)c(C(=O)NCC(O)CO)c(I)c(C(=O)NCC(O)CO)c1I	0.0000	
mol0000000488	CC[NH+]1CCCC1CNC(=O)c1cc(S(=O)(=O)CC)c(N)cc1OC	0.0000	
mol0000000489	CC(C)C[C@H]1C(=O)N2CCC[C@H]2[C@]2(O)O[C@](NC(=O)C3=C[C@@H]4c5cccc6[nH]c(Br)c(c56)C[C@@H]4N(C)C3)(C(C)C)C(=O)N12	0.0000	
mol0000000490	CC(C)[NH2+]CC(O)COc1ccc(CCOCC2CC2)cc1	0.0000	
mol0000000491	C[C@H]1C[C@H]2[C@@H]3CC=C4CC(=O)C=C[C@]4(C)[C@@]3(F)C(=O)C[C@]2(C)[C@@]1(O)C(=O)CCl	0.0000	
mol0000000492	CO[C@H]1/C=C\O[C@@]2(C)Oc3c(C)c([O-])c4c([O-])c(c5c(nc6cc(C)ccn65)c4c3C2=O)NC(=O)/C(C)=C\C=C/[C@H](C)[C@H](O)[C@@H](C)[C@@H](O)[C@@H](C)[C@H](OC(C)=O)[C@@H]1C	0.0000	
mol0000000493	CC(C[N+](C)(C)C)OC(N)=O	0.0000	
mol0000000494	C=CCC1(C(C)C#CCC)C(=O)NC(=O)N(C)C1=O	0.0000	
mol0000000495	Cc1cccc(CN2CCN(C(c3ccccc3)c3ccc(Cl)cc3)CC2)c1	0.0000	
mol0000000496	C[NH2+]CC(O)c1ccc(OC(=O)C(C)(C)C)c(OC(=O)C(C)(C)C)c1	0.0000	
mol0000000497	C[NH+](C)CC/C=C1/c2ccccc2COc2ccccc21	0.0000	
mol0000000498	CC(C)C1CCC(C(=O)NC(Cc2ccccc2)C(=O)[O-])CC1	0.0000	
mol0000000499	COc1cccc2c(O)c3c([O-])c4c(c([O-])c3c(O)c12)=C(O[C@H]1C[C@H]([NH3+])[C@H](O)[C@H](C)O1)C[C@](O)(C(=O)CO)C=4	0.0000	
mol0000000500	COc1cccc2c(O)c3c([O-])c4c(c([O-])c3c(O)c12)=C(O[C@H]1C[C@H]([NH3+])[C@@H](O)[C@H](C)O1)C[C@](O)(C(=O)CO)C=4	0.0000	
mol0000000501	CCOC(=O)c1ncn2c1CN(C)C(=O)c1cc(F)ccc1-2	0.0000	
mol0000000502	O=c1[nH]cnc2[nH]ncc12	1.0000	
mol0000000503	O=C([O-])CCc1nc(-c2ccccc2)c(-c2ccccc2)o1	0.0000	
mol0000000504	CCCC(C)(COC(N)=O)COC(=O)NC(C)C	0.0000	
mol0000000505	COc1ccccc1OCC[NH2+]CC(O)COc1cccc2[nH]c3ccccc3c12	0.0000	
mol0000000506	CCn1cc(C(=O)[O-])c(=O)c2cc(F)c(N3CC[NH2+]CC3)cc21	0.0000	
mol0000000507	CCOC(=O)c1ccc(C#Cc2ccc3c(c2)C(C)(C)CCS3)nc1	0.0000	
mol0000000508	C#CCC(Cc1cnc2[nH]c(=[NH2+])[nH]c(=[NH2+])c2n1)c1ccc(C(=O)NC(CCC(=O)[O-])C(=O)[O-])cc1	0.0000	
mol0000000509	CC[C@]1(O)C[C@H]2CN(CCc3c([nH]c4ccccc34)[C@@](C(=O)OC)(c3cc4c(cc3OC)N(C=O)[C@H]3[C@@](O)(C(=O)OC)[C@H](OC(C)=O)[C@]5(CC)C=CCN6CC[C@]43[C@@H]65)C2)C1	0.0000	
mol0000000510	CC(=O)OCC[N+](C)(C)C	0.0000	
mol0000000511	[NH2+]=c1[nH]cnc2c1ncn2[C@@H]1O[C@H](CO)[C@@H](O)[C@H]1O	0.0000	
mol0000000512	C[NH+](C)CCOC(c1ccc(Cl)cc1)c1ccccn1	0.0000	
mol0000000513	C[NH+](Cc1cc(Br)cc(Br)c1N)C1CCCCC1	0.0000	
mol0000000514	CCCC[C@](C)(O)C/C=C/[C@H]1[C@H](O)CC(=O)[C@@H]1CCCCCCC(=O)OC	0.0000	
mol0000000515	CCCC1CC(C(=O)NC(C(C)O)C2OC(SC)C(O)C(O)C2O)[NH+](C)C1	0.0000	
mol0000000516	CC(C)c1cccc(C(C)C)c1O	0.0000	
mol0000000517	O=C1[C@@H](CC[C@H](O)c2ccc(F)cc2)[C@@H](c2ccc(O)cc2)N1c1ccc(F)cc1	0.0000	
mol0000000518	CCC/C=c1\nc/c(=C/C(Cc2cccs2)C(=O)[O-])n1Cc1ccc(C(=O)[O-])cc1	0.0000	
mol0000000519	Cc1ccc(O)c([C@@H](CC[NH+](C(C)C)C(C)C)c2ccccc2)c1	0.0000	
mol0000000520	COC(=O)/[NH+]=c1\[nH]c2ccc(C(=O)c3ccccc3)cc2[nH]1	0.0000	
mol0000000521	CC(C)(O/N=C(\C(=O)NC1C(=O)N2C(C(=O)[O-])=C(C[n+]3ccccc3)CSC12)c1csc(=N)[nH]1)C(=O)[O-]	0.0000	
mol0000000522	CC(=O)[C@@]1(O)CC[C@H]2[C@@H]3CC(C)=C4CC(=O)C=C[C@]4(C)[C@@]3(F)[C@@H](O)C[C@@]21C	0.0000	
mol0000000523	COc1ccc2c3c1O[C@H]1[C@@H](O)C=C[C@H]4[C@@H](C2)[N@@H+](C)CC[C@]314	0.0000	
mol0000000524	COC(=O)C1=C(C)[NH+]=C(C)C(C(=O)OC)C1c1ccccc1[N+](=O)[O-]	0.0000	
mol0000000525	CN1C(C(=O)/[NH+]=c2\cccc[nH]2)C(=O)c2sccc2S1(=O)=O	0.0000	
mol0000000526	CN(C)[C@@H]1C(=O)[C-](C(N)=O)C(=O)[C@@]2(O)C(=O)[C@H]3C(=O)c4c(O)cccc4[C@@](C)(O)[C@H]3C[C@@H]12	1.0000	
mol0000000527	C[C@]12C[C@H](O)[C@@]3(F)[C@@H](CC=C4CC(=O)CC[C@@]43C)[C@@H]1CC[C@]2(O)C(=O)CO	0.0000	
mol0000000528	Cc1ccc(S(=O)(=O)[N-]C(=O)NN2CCCCCC2)cc1	0.0000	
mol0000000529	COC(c1ccccc1)(c1ccccc1)C(Oc1nc(C)cc(C)n1)C(=O)[O-]	1.0000	
mol0000000530	COCCCOc1ccnc(C[S+](O)c2nc3ccccc3[nH]2)c1C	0.0000	
mol0000000531	C[NH+](C/C=C/c1ccccc1)Cc1cccc2ccccc12	0.0000	
mol0000000532	O=C(c1ccccc1)c1ccc2n1CCC2C(=O)[O-]	0.0000	
mol0000000533	CCCCC[C@@H](O)CC[C@@H]1[C@@H](O)C[C@H]2Cc3c(cccc3OCC(=O)[O-])C[C@@H]12	0.0000	
mol0000000534	Cc1ccsc1C(=CCC[NH+]1CCCC(C(=O)[O-])C1)c1sccc1C	0.0000	
mol0000000535	CC[C@@H](C)C(=O)O[C@H]1C[C@@H](C)C=C2C=C[C@H](C)[C@H](CC[C@@H]3C[C@@H](O)CC(=O)O3)[C@H]21	0.0000	
mol0000000536	OCC(O)CO	0.0000	
mol0000000537	CC[C@@H](CO)NC(=O)C1=C[C@H]2c3cccc4[nH]cc(c34)C[C@H]2[N@H+](C)C1	0.0000	
mol0000000538	CCCCC(=O)N(Cc1ccc(-c2ccccc2-c2nn[n-]n2)cc1)C(C(=O)[O-])C(C)C	0.0000	
mol0000000539	NC[C@H]1O[C@H](O[C@@H]2[C@@H]([NH3+])C[C@@H](N)[C@H](O)[C@H]2O[C@@H]2O[C@H](CO)[C@@H](O[C@H]3O[C@@H](C[NH3+])[C@@H](O)[C@H](O)[C@H]3N)[C@H]2O)[C@H](N)[C@@H](O)[C@@H]1O	0.0000	
mol0000000540	CO/N=C(/C(=O)NC1C(=O)N2C(C(=O)[O-])=C(CSc3nc(=O)c(=O)[n-]n3C)CSC12)c1csc(=N)[nH]1	0.0000	
mol0000000541	C[N+](C)(C)C[C@H](O)CC(=O)[O-]	0.0000	
mol0000000542	O=c1n(CCCN2CCN(c3cccc(Cl)c3)CC2)nc2ccccn12	0.0000	
mol0000000543	COC(=O)C1=C(C)[NH+]=C(C)C(C(=O)OC(C)(C)CN(C)CCC(c2ccccc2)c2ccccc2)C1c1cccc([N+](=O)[O-])c1	0.0000	
mol0000000544	C[NH+](C)CC/C=C1/c2ccccc2CSc2ccccc21	0.0000	
mol0000000545	C[NH2+]CCC=C1c2ccccc2CCc2ccccc21	0.0000	
mol0000000546	Clc1ccccc1CN1CCc2sccc2C1	0.0000	
mol0000000547	CCCCCOc1ccc(-c2cc(-c3ccc(C(=O)N[C@H]4C[C@@H](O)[C@@H](O)NC(=O)[C@@H]5[C@@H](O)[C@@H](C)CN5C(=O)[C@H]([C@H](O)CC(N)=O)NC(=O)[C@H]([C@H](O)[C@@H](O)c5ccc(O)c(OS(=O)(=O)[O-])c5)NC(=O)[C@@H]5C[C@@H](O)CN5C(=O)[C@H]([C@@H](C)O)NC4=O)cc3)no2)cc1	0.0000	
mol0000000548	CNC(=O)Oc1ccc2c(c1)[C@]1(C)CC[N@@H+](C)[C@@H]1N2C	0.0000	
mol0000000549	FC(F)OC(Cl)C(F)(F)F	0.0000	
mol0000000550	C=CC([NH3+])CCC(=O)[O-]	0.0000	
mol0000000551	CCC(=O)N(c1ccccc1)C1CC[NH+](CCc2ccccc2)CC1	0.0000	
mol0000000552	CC(=O)CC(c1ccccc1)c1c([O-])c2ccccc2oc1=O	0.0000	
mol0000000553	COC(=O)C1=C(C)[NH+]=C(C)C(C(=O)OCC(C)C)C1c1ccccc1[N+](=O)[O-]	0.0000	
mol0000000554	COc1cc2c(cc1O)CCN[C@]21CS[C@@H]2c3c(OC(C)=O)c(C)c4c(c3[C@H](COC1=O)N1[C@@H](O)[C@@H]3Cc5cc(C)c(OC)c(O)c5[C@H]([C@H]21)[N@H+]3C)OCO4	1.0000	
mol0000000555	OCC[NH+]1CCN(CCCN2c3ccccc3Sc3ccc(C(F)(F)F)cc32)CC1	0.0000	
mol0000000556	C/C=C/CC(C)C(O)C1C(=O)NC(CC)C(=O)N(C)CC(=O)N(C)C(CC(C)C)C(=O)NC(C(C)C)C(=O)N(C)C(CC(C)C)C(=O)NC(C)C(=O)NC(C)C(=O)N(C)C(CC(C)C)C(=O)N(C)C(CC(C)C)C(=O)N(C)C(C(C)C)C(=O)N1C	1.0000	
mol0000000557	Cn1cc[nH]c1=S	0.0000	
mol0000000558	Cc1nc2n(c(=O)c1CC[NH+]1CCC(c3noc4cc(F)ccc34)CC1)CCCC2O	0.0000	
mol0000000559	C[C@H](Cc1cc2c(c(C(N)=O)c1)N(CCCO)CC2)[NH2+]CCOc1ccccc1OCC(F)(F)F	0.0000	
mol0000000560	COc1ccc(C(C[NH+](C)C)C2(O)CCCCC2)cc1	0.0000	
mol0000000561	NC(=O)c1cn(Cc2c(F)cccc2F)nn1	0.0000	
mol0000000562	C#C[C@]1(O)CC[C@H]2[C@@H]3CCC4=Cc5oncc5C[C@]4(C)[C@H]3CC[C@@]21C	0.0000	
mol0000000563	CC1=C(S[C@@H]2C[NH2+][C@@H](C(=O)N(C)C)C2)[C@H](C(=O)[O-])N2C(=O)[C@H]([C@H](C)O)[C@@H]12	0.0000	
mol0000000564	CN1C(=O)CN=C(c2ccccc2F)c2cc([N+](=O)[O-])ccc21	0.0000	
mol0000000565	C[C@]12CC[C@@H]3c4ccc(O)cc4CC[C@H]3[C@@H]1C[C@@H](O)[C@@H]2O	0.0000	
mol0000000566	COc1ccc(OC)c(C(O)CNC(=O)C[NH3+])c1	0.0000	
mol0000000567	[NH2+]=c1[nH]c(Cl)nc2c1ncn2[C@H]1C[C@H](O)[C@@H](CO)O1	0.0000	
mol0000000568	CC(=O)NC(CS)C(=O)[O-]	0.0000	
mol0000000569	C[N@@H+]1CCC[C@@H]1Cc1c[nH]c2ccc(CCS(=O)(=O)c3ccccc3)cc12	0.0000	
mol0000000570	CC(CN1c2ccccc2Sc2ccccc21)[NH+](C)C	0.0000	
mol0000000571	CCCCCC(O)/C=C/C1C(O)CC(O)C1C/C=C/CCCC(=O)[O-]	0.0000	
mol0000000572	CC(=O)[C@H]1CC[C@H]2[C@@H]3CC(C)=C4CC(=O)CC[C@]4(C)[C@H]3[C@@H](O)C[C@]12C	0.0000	
mol0000000573	Cc1cc(C#N)cc(C)c1Oc1[nH]/c(=[NH+]/c2ccc(C#N)cc2)[nH]c(=[NH2+])c1Br	0.0000	
mol0000000574	[NH2+]=c1[nH]nc(-c2cccc(Cl)c2Cl)c(=[NH2+])[nH]1	0.0000	
mol0000000575	Cc1[n-]c(=O)c(C#N)cc1-c1ccncc1	0.0000	
mol0000000576	Cc1c(O)cccc1C(=O)N[C@@H](CSc1ccccc1)[C@H](O)CN1C[C@H]2CCCC[C@H]2C[C@H]1C(=O)NC(C)(C)C	0.0000	
mol0000000577	CC(=O)Nc1c([C@H](O)[C@H](O)CO)oc(C(O)O)c/c1=N\[C@@H](N)[NH3+]	0.0000	
mol0000000578	CC1=C(S[C@@H]2C[NH2+][C@H](CNS(N)(=O)=O)C2)[C@@H](C(=O)[O-])N2C(=O)[C@@H]([C@@H](C)O)[C@@H]12	0.0000	
mol0000000579	CC[C@@H]1C(=O)OC[C@@H]1Cc1cncn1C	0.0000	
mol0000000580	C[NH+]1CCN(C(=O)Oc2c3nccnc3c(O)n2-c2ccc(Cl)cn2)CC1	0.0000	
mol0000000581	C=C1[C@@H](n2cnc3c(=O)[nH]c(=[NH2+])[nH]c32)C[C@H](O)[C@H]1CO	0.0000	
mol0000000582	NC(=O)Cc1cccc(C(=O)c2ccccc2)c1N	0.0000	
mol0000000583	COC(=O)[C@H]1[C@H]2C[C@@H]3c4[nH]c5cc(OC)ccc5c4CCN3C[C@H]2C[C@@H](OC(=O)c2cc(OC)c(OC)c(OC)c2)[C@@H]1OC	0.0000	
mol0000000584	N#C[C@@H]1C[C@@H]2C[C@@H]2N1C(=O)[C@H](N)[C@@]12C[C@@H]3C[C@@H](C[C@@](O)(C3)C1)C2	0.0000	
mol0000000585	C#C[C@]1(O)CC[C@H]2[C@@H]3CC=C4CC(=O)CC[C@@H]4[C@H]3CC[C@@]21C	0.0000	
mol0000000586	Oc1ccc(O)cc1	0.0000	
mol0000000587	CC(=O)[C@@]1(O)CC[C@H]2[C@@H]3CC(C)=C4CC(=O)CC[C@]4(C)[C@H]3CC[C@@]21C	0.0000	
mol0000000588	Nc1ccc(/N=N/c2ccccc2)c(=[NH2+])[nH]1	0.0000	
mol0000000589	O=C([O-])c1cc(/N=N/c2ccc(O)c(C(=O)[O-])c2)ccc1O	1.0000	
mol0000000590	c1cc2c(c(NC3=[NH+]CCN3)c1)CCCC2	0.0000	
mol0000000591	CC/C1=C/[C@H](C)C[C@H](C)C[C@H](OC)[C@H]2O[C@@](O)(C(=O)C(=O)N3CCCC[C@@H]3C(=O)O[C@H](/C(C)=C/[C@@H]3CC[C@H](Cl)[C@H](OC)C3)[C@H](C)[C@@H](O)CC1=O)[C@H](C)C[C@@H]2OC	0.0000	
mol0000000592	Clc1ccc(CO/N=C(/Cn2ccnc2)c2ccc(Cl)cc2Cl)c(Cl)c1	0.0000	
mol0000000593	NNC(=O)c1ccncc1	0.0000	
mol0000000594	C[C@]12COC(=O)C[C@@H]1CC[C@@H]1[C@@H]2CC[C@@]2(C)[C@H]1CC[C@]2(C)O	0.0000	
mol0000000595	C[NH2+]CCCC12CCC(c3ccccc31)c1ccccc12	0.0000	
mol0000000596	CC(=O)/[NH+]=c1\sc(S([NH-])(=O)=O)nn1C	0.0000	
mol0000000597	CCC[NH2+]C(C)C(=O)Nc1c(C)csc1C(=O)OC	0.0000	
mol0000000598	CC(=O)OCC(=O)[C@@]12OC3(CCCC3)O[C@@H]1C[C@H]1[C@@H]3CC=C4CC(=O)C=C[C@]4(C)[C@@]3(F)[C@@H](O)C[C@@]12C	0.0000	
mol0000000599	CN(C)c1cc(NC(=O)C[NH2+]C(C)(C)C)c(O)c2c([O-])c3c(cc12)C[C@H]1[C@H](N(C)C)C(=O)[C-](C(N)=O)C(=O)[C@@]1(O)[C@H]3O	0.0000	
mol0000000600	O=C1Nc2ccc(Cl)cc2C(c2ccccc2Cl)NC1=O	0.0000	
mol0000000601	CC(C)(C)NC(=O)[C@H]1C[C@@H]2CCCC[C@@H]2CN1C[C@@H](O)[C@H](Cc1ccccc1)NC(=O)[C@H](CC(N)=O)NC(=O)c1ccc2ccccc2n1	0.0000	
mol0000000602	O=C1CC2(CCCC2)CC(=O)N1CCCC[NH+]1CCN(c2ncccn2)CC1	0.0000	
mol0000000603	Clc1ccc2c(c1)C(N1CC[NH2+]CC1)=Nc1ccccc1O2	0.0000	
mol0000000604	COc1c2occc2cc2ccc(=O)oc12	0.0000	
mol0000000605	NC(=O)C1CCCN1C(=O)C(Cc1cnc[nH]1)NC(O)c1ccc([O-])[nH]1	0.0000	
mol0000000606	[NH3+]C(C(=O)NC1C(=O)N2C(C(=O)[O-])=C(Cl)CSC12)c1ccccc1	0.0000	
mol0000000607	C[NH+]1CCN(C2=Nc3cc(Cl)ccc3Nc3ccccc32)CC1	1.0000	
mol0000000608	CC(COc1ccccc1)N(CCCl)Cc1ccccc1	0.0000	
mol0000000609	CCc1cc2c(cc1CC)CC([NH2+]CC(O)c1ccc(O)c3[nH]c(=O)ccc13)C2	0.0000	
mol0000000610	CC[C@@H]([C@H](C)O)n1ncn(-c2ccc(N3CCN(c4ccc(OC[C@@H]5CO[C@@](Cn6cncn6)(c6ccc(F)cc6F)C5)cc4)CC3)cc2)c1=O	0.0000	
mol0000000611	C[C@@H]1C[C@H]2[C@@H]3CC=C4CC(=O)C=C[C@]4(C)[C@@]3(F)[C@@H](O)C[C@]2(C)[C@H]1C(=O)CO	0.0000	
mol0000000612	Cc1nc2n(c(=O)c1CC[NH+]1CCC(c3noc4cc(F)ccc34)CC1)CCCC2	0.0000	
mol0000000613	COc1ccc2c3c1O[C@H]1[C@@H](O)CC[C@H]4[C@@H](C2)[N@H+](C)CC[C@]314	0.0000	
mol0000000614	CC(=O)[C@@]1(O)CC[C@H]2[C@@H]3CC=C4CC(=O)CC[C@]4(C)[C@H]3CC[C@@]21C	0.0000	
mol0000000615	CC(C(=O)[O-])c1cccc(Oc2ccccc2)c1	0.0000	
mol0000000616	CN(C)C(=O)C(CC[NH+]1CCC(O)(c2ccc(Cl)cc2)CC1)(c1ccccc1)c1ccccc1	0.0000	
mol0000000617	CC[NH+](CC)CCNC(=O)c1ccc(N)cc1	0.0000	
mol0000000618	OC(Cn1cncn1)(Cn1cncn1)c1ccc(F)cc1F	0.0000	
mol0000000619	OCC[NH+]1CCN(CCCN2c3ccccc3Sc3ccc(Cl)cc32)CC1	0.0000	
mol0000000620	C[NH+]1CCOC(c2ccccc2)c2ccccc2C1	0.0000	
mol0000000621	Cc1cn[nH]c1	0.0000	
mol0000000622	C[NH+]1C2CCC1CC(OC(=O)C(CO)c1ccccc1)C2	0.0000	
mol0000000623	CCCNC(=O)[N-]S(=O)(=O)c1ccc(Cl)cc1	0.0000	
mol0000000624	[NH3+]CCCCC(NC(CCc1ccccc1)C(=O)[O-])C(=O)N1CCCC1C(=O)[O-]	0.0000	
mol0000000625	CC1(C)[C@@H](C(=O)OCc2cccc(Oc3ccccc3)c2)[C@@H]1C=C(Cl)Cl	0.0000	
mol0000000626	O=C(CCC[NH+]1CC=C(n2c(=O)[nH]c3ccccc32)CC1)c1ccc(F)cc1	0.0000	
mol0000000627	CCCc1nc2c(C)cc(-c3nc4ccccc4n3C)cc2n1Cc1ccc(-c2ccccc2C(=O)[O-])cc1	0.0000	
mol0000000628	N[NH2+]CCc1ccccc1	0.0000	
mol0000000629	CCC1(c2ccc(N)cc2)CCC(=O)NC1=O	1.0000	
mol0000000630	C[NH+]1CCN2c3ncccc3Cc3ccccc3C2C1	0.0000	
mol0000000631	CC(=O)O[C@@]12CO[C@@H]1C[C@H](O)[C@@]1(C)C(=O)C(=O)[C@H]3[C@@H](C)[C@H](OC(=O)[C@@H](O)[C@H](NC(=O)OC(C)(C)C)c4ccccc4)C[C@@](O)([C@@H](OC(=O)c4ccccc4)[C@@H]12)C3(C)C	1.0000	
mol0000000632	C#C[C@]1(O)CC[C@H]2[C@@H]3CCC4=CCCC[C@@H]4[C@H]3C(=C)C[C@@]21CC	0.0000	
mol0000000633	N/[NH+]=c1\[nH]ncc2ccccc12	0.0000	
mol0000000634	CO[C@H]1/C=C\O[C@@]2(C)Oc3c(C)c([O-])c4c([O-])c(/c(=C\N[NH+]5CCN(C6CCCC6)CC5)c(O)c4c3C2=O)=NC(=O)/C(C)=C\C=C/[C@H](C)[C@H](O)[C@@H](C)[C@@H](O)[C@@H](C)[C@H](OC(C)=O)[C@@H]1C	1.0000	
mol0000000635	CCCc1c2oc(C(=O)[O-])cc(=O)c2cc2c(=O)cc(C(=O)[O-])n(CC)c12	0.0000	
mol0000000636	CC(=O)S[C@@H]1C=C2CC(=O)CC[C@]2(C)[C@H]2CC[C@@]3(C)[C@@H](CC[C@@]34CCC(=O)O4)[C@H]12	0.0000	
mol0000000637	C[NH2+]CCC(Oc1ccc(C(F)(F)F)cc1)c1ccccc1	0.0000	
mol0000000638	C=CC1=C(C(=O)[O-])N2C(=O)C(NC(=O)/C(=N/O)c3csc(=N)[nH]3)C2SC1	0.0000	
mol0000000639	C#CC[NH2+][C@@H]1CCc2ccccc21	0.0000	
mol0000000640	COc1cc2[nH]c(N3CCN(C(=O)C4COc5ccccc5O4)CC3)nc(=[NH2+])c2cc1OC	0.0000	
mol0000000641	N#Cc1cc(NC(=O)C(=O)[O-])c(Cl)c(NC(=O)C(=O)[O-])c1	0.0000	
mol0000000642	CN(C)C(=O)Oc1ccc[n+](C)c1	0.0000	
mol0000000643	CC(C)CC(NC(=O)C(Cc1ccc2ccccc2c1)NC(=O)C(Cc1ccc(O)cc1)NC(=O)C(CO)NC(=O)C(Cc1c[nH]c2ccccc12)NC(=O)C(Cc1c[nH]cn1)NC(=O)C1CCC(=O)N1)C(=O)NC(CCC[NH+]=C(N)N)C(=O)N1CCCC1C(=O)NCC(N)=O	0.0000	
mol0000000644	CC(C)(C(=O)[O-])c1ccc(C(O)CCC[NH+]2CCC(C(O)(c3ccccc3)c3ccccc3)CC2)cc1	0.0000	
mol0000000645	CC[C@H]1OC(=O)[C@@H](C)[C@@H](O[C@H]2C[C@@](C)(OC)[C@@H](O)[C@H](C)O2)[C@H](C)[C@@H](O[C@@H]2O[C@H](C)C[C@H]([NH+](C)C)[C@H]2O)[C@](C)(O)C[C@H](C)/C(=N\OCOCCOC)[C@@H](C)[C@@H](O)[C@]1(C)O	0.0000	
mol0000000646	CCC(C)(C)C(=O)O[C@H]1C[C@@H](C)C=C2C=C[C@H](C)[C@H](CC[C@@H]3C[C@@H](O)CC(=O)O3)[C@H]21	0.0000	
mol0000000647	Cn1c(=O)c2c(ncn2C)n(C)c1=O	0.0000	
mol0000000648	Cc1ccc(-c2cc(C(F)(F)F)nn2-c2ccc(S(N)(=O)=O)cc2)cc1	0.0000	
mol0000000649	CNC(=O)CN(CCN(CC[NH+](CC(=O)[O-])CC(=O)NC)CC(=O)[O-])CC(=O)[O-]	0.0000	
mol0000000650	CC(=O)Nc1ccc(O)cc1	0.0000	
mol0000000651	CC[NH+](CC)CCN1C(=O)CN=C(c2ccccc2F)c2cc(Cl)ccc21	0.0000	
mol0000000652	CC(=O)N[C@H](Cc1ccc2ccccc2c1)C(=O)N[C@H](Cc1ccc(Cl)cc1)C(=O)N[C@H](Cc1cccnc1)C(=O)N[C@@H](CO)C(=O)N[C@@H](Cc1ccc(O)cc1)C(=O)N[C@H](CCCNC(N)=O)C(=O)N[C@@H](CC(C)C)C(=O)N[C@@H](CCC[NH+]=C(N)N)C(=O)N1CCC[C@H]1C(=O)N[C@H](C)C(N)=O	0.0000	
mol0000000653	NC1CC([NH3+])C(OC2OC(CO)C(O)C(N)C2O)C(O)C1OC1OC(C[NH3+])C(O)C(O)C1O	0.0000	
mol0000000654	[NH2+]=c1ccn([C@@H]2O[C@H](CO)[C@@H](O)C2(F)F)c(=O)[nH]1	1.0000	
mol0000000655	CCCc1nc(C)c2c(=O)[nH]c(-c3cc(S(=O)(=O)N4CC[NH+](CC)CC4)ccc3OCC)nn12	0.0000	
mol0000000656	C[C@]12CC[C@H]3[C@@H](CC=C4CC(=O)CC[C@@]43C)[C@@H]1CC[C@@H]2O	0.0000	
mol0000000657	Nc1ccc(S(=O)(=O)/N=c2/nccc[nH]2)cc1	0.0000	
mol0000000658	CN1C(=O)C(O)N=C(c2ccccc2)c2cc(Cl)ccc21	0.0000	
mol0000000659	[NH3+]CC(O)c1ccc(O)c(O)c1	0.0000	
mol0000000660	[NH3+]C(Cc1ccc(N(CCCl)CCCl)cc1)C(=O)[O-]	0.0000	
mol0000000661	CC(C)c1ccc2oc3[nH]c(=[NH2+])c(C(=O)[O-])cc3c(=O)c2c1	0.0000	
mol0000000662	COc1ccc(CC[NH+](C)CCCC(C#N)(c2ccc(OC)c(OC)c2)C(C)C)cc1OC	1.0000	
mol0000000663	CC(CCc1ccccc1)[NH2+]CC(O)c1ccc(O)c(C(N)=O)c1	0.0000	
mol0000000664	C[C@]12CC[C@@H]3c4ccc(O)cc4C[C@@H](CCCCCCCCC[S@@+](O)CCCC(F)(F)C(F)(F)F)[C@H]3[C@@H]1CC[C@@H]2O	0.0000	
mol0000000665	CC1=C(/C=C/C(C)=C/C=C/C(C)=C/C(=O)[O-])C(C)(C)CCC1	1.0000	
mol0000000666	CC1=C(C=C/C(C)=C/C=C\C(C)=C\C(=O)[O-])C(C)(C)CCC1	1.0000	
mol0000000667	CC(=O)[N-]S(=O)(=O)c1ccc(N)cc1	0.0000	
mol0000000668	C[NH+](C)CCOC(=O)C(c1ccccc1)C1(O)CCCC1	0.0000	
mol0000000669	C=CC/C1=C/[C@H](C)C[C@H](C)C[C@H](OC)[C@H]2O[C@@](O)(C(=O)C(=O)N3CCCC[C@H]3C(=O)O[C@H](/C(C)=C/[C@@H]3CC[C@@H](O)[C@H](OC)C3)[C@H](C)[C@@H](O)CC1=O)[C@H](C)C[C@@H]2OC	1.0000	
mol0000000670	C/N=C(/[CH-][N+](=O)[O-])NCCSCc1csc(CN(C)C)n1	0.0000	
mol0000000671	CO[C@@]1(NC([O-])=c2sc(=C(C(N)=O)C(=O)[O-])s2)C(=O)N2C(C(=O)[O-])=C(CSc3nnnn3C)CS[C@@H]21	0.0000	
mol0000000672	C[NH+]1CCCC1c1cccnc1	0.0000	
mol0000000673	CC([NH2+]C(C)(C)C)C(=O)c1cccc(Cl)c1	1.0000	
mol0000000674	C[NH2+]C[C@H](O)c1cccc(O)c1	0.0000	
mol0000000675	CC/C1=N/C(=O)[C@@H]2CSSCC/C=C\[C@H](CC(=O)N[C@H](C(C)C)C(=O)N2)OC(=O)[C@H](C(C)C)NC1=O	0.0000	
mol0000000676	C[NH+](C)CC[C@@H](c1ccc(Cl)cc1)c1ccccn1	0.0000	
mol0000000677	Cc1c(-c2ccccc2)oc2c(C(=O)OCC[NH+]3CCCCC3)cccc2c1=O	0.0000	
mol0000000678	CC1OC(C)OC(C)O1	0.0000	
mol0000000679	CC1(C)O[C@@H]2C[C@H]3[C@@H]4CC=C5CC(=O)CC[C@]5(C)[C@@]4(F)[C@@H](O)C[C@]3(C)[C@]2(C(=O)CCl)O1	0.0000	
mol0000000680	NC1CCCCC1[NH3+]	1.0000	
mol0000000681	CC(C)/[NH+]=C(N)/[NH+]=C(/N)Nc1ccc(Cl)cc1	0.0000	
mol0000000682	C[N@@H+]1[C@H]2C[C@H](OC(=O)[C@@H](CO)c3ccccc3)C[C@@H]1[C@H]1O[C@@H]21	0.0000	
mol0000000683	C=C[C@]1(C)C[C@@H](OC(=O)CS[C@H]2C[C@@H]3CC[C@H](C2)[N@H+]3C)[C@]2(C)[C@H](C)CC[C@]3(CCC(=O)[C@H]32)[C@@H](C)[C@@H]1O	0.0000	
mol0000000684	COCCOC(=O)C1=C(C)[NH+]=C(C)C(C(=O)OC(C)C)C1c1cccc([N+](=O)[O-])c1	0.0000	
mol0000000685	Clc1ccc(CCC(Cn2ccnc2)Sc2c(Cl)cccc2Cl)cc1	0.0000	
mol0000000686	CO[C@H]1C[C@@H]2CC[C@@H](C)[C@@](O)(O2)C(=O)C(=O)N2CCCC[C@@H]2C(=O)O[C@H]([C@H](C)C[C@@H]2CC[C@@H](OCCO)[C@H](OC)C2)CC(=O)/C(C)=C\[C@H](C)[C@@H](O)[C@@H](OC)C(=O)[C@H](C)C[C@H](C)/C=C\C=C/C=C\1C	0.0000	
mol0000000687	N#C[C@@H]1CCCN1C(=O)C[NH2+][C@@]12C[C@@H]3C[C@@H](C[C@@](O)(C3)C1)C2	0.0000	
mol0000000688	CC(C(=O)[O-])c1ccc(-c2ccccc2)c(F)c1	0.0000	
mol0000000689	Cc1ccc(-n2[n-]c(C)c(/N=N/c3cccc(-c4cccc(C(=O)[O-])c4)c3O)c2=O)cc1C	1.0000	
mol0000000690	COC(=O)[C@H]1[C@H]2C[C@@H]3c4[nH]c5cc(OC)ccc5c4CCN3C[C@H]2C[C@@H](OC(=O)/C=C/c2cc(OC)c(OC)c(OC)c2)[C@@H]1OC	0.0000	
mol0000000691	CC[NH+](CC)CCNC(=O)c1cc(Cl)c(N)cc1OC	1.0000	
mol0000000692	CC[C@@H](C)C(=O)O[C@H]1C[C@H](O)C=C2C=C[C@H](C)[C@H](CC[C@@H](O)C[C@@H](O)CC(=O)[O-])[C@H]21	0.0000	
mol0000000693	CCCCCCCC(=O)CC[C@H]1[C@H](O)C[C@H](O)[C@@H]1C/C=C/CCCC(=O)[O-]	0.0000	
mol0000000694	Oc1ccc(C2C[NH2+]CCc3c2cc(O)c(O)c3Cl)cc1	0.0000	
mol0000000695	COc1cccc([C@@]2(O)CCCC[C@@H]2C[NH+](C)C)c1	0.0000	
mol0000000696	CCCCC(=O)OCC(=O)[C@@]1(O)C=C(O[C@H]2C[C@H](NC(=O)C(F)(F)F)[C@H](O)[C@H](C)O2)c2c(c([O-])c3c(O)c4cccc(OC)c4c([O-])c3c2[O-])C1	0.0000	
mol0000000697	NS(=O)(=O)c1ccc(C[NH3+])cc1	0.0000	
mol0000000698	CC(=O)NC[C@H]1CN(c2ccc(N3CCOCC3)c(F)c2)C(=O)O1	0.0000	
mol0000000699	O=c1[nH]c2cc(Cl)ccc2o1	0.0000	
mol0000000700	CCC(=O)[N-]S(=O)(=O)c1ccc(-c2c(-c3ccccc3)noc2C)cc1	0.0000	
mol0000000701	Cc1c(O)c(=O)ccn1C	0.0000	
mol0000000702	CC([NH3+])C12CC3CC(CC(C3)C1)C2	0.0000	
mol0000000703	NS(=O)(=O)Cc1noc2ccccc12	0.0000	
mol0000000704	CC(=O)N(O)CCCCCNC(=O)CCC(=O)N(O)CCCCCNC(=O)CCC(=O)N(O)CCCCC[NH3+]	0.0000	
mol0000000705	CC[C@@]1(O)C(=O)OCc2c1cc1n(c2=O)Cc2cc3c(C[NH+](C)C)c(O)ccc3nc2-1	0.0000	
mol0000000706	CC(C)(O)c1ccccc1CC[C@@H](SCC1(CC(=O)[O-])CC1)c1cccc(/C=C/c2ccc3ccc(Cl)cc3n2)c1	0.0000	
mol0000000707	Cc1c(-c2ccc(O)cc2)n(Cc2ccc(OCC[NH+]3CCCCCC3)cc2)c2ccc(O)cc12	0.0000	
mol0000000708	CN[C@@H]1[C@H](O[C@H]2[C@H](O[C@@H]3[C@@H]([NH+]=C(N)N)[C@H](O)[C@@H]([NH+]=C(N)N)[C@H](O)[C@H]3O)O[C@@H](C)[C@]2(O)C=O)O[C@@H](CO)[C@H](O)[C@H]1O	0.0000	
mol0000000709	C[NH2+]C[C@H](O)c1ccc(O)c(O)c1	0.0000	
mol0000000710	CCC[C@@]1(CCc2ccccc2)CC(=O)[C-]([C@H](CC)c2cccc([N-]S(=O)(=O)c3ccc(C(F)(F)F)cn3)c2)C(=O)O1	1.0000	
mol0000000711	CN1CC(C(=O)N[C@]2(C)O[C@@]3(O)[C@@H]4CCCN4C(=O)[C@H](Cc4ccccc4)N3C2=O)=C[C@@H]2c3cccc4[nH]cc(c34)C[C@H]21	0.0000	
mol0000000712	O=C1CCC(N2C(=O)c3ccccc3C2=O)C(=O)N1	0.0000	
mol0000000713	C[NH+]1CCN2c3ccccc3Cc3ccccc3C2C1	0.0000	
mol0000000714	NC(=O)C[S+](O)C(c1ccccc1)c1ccccc1	0.0000	
mol0000000715	[NH3+]CCS	0.0000	
mol0000000716	O=C1C=NC(c2ccccc2)c2cc([N+](=O)[O-])ccc2N1	0.0000	
mol0000000717	CC(C)C(=O)OCC(=O)[C@@]12O[C@H](C3CCCCC3)O[C@@H]1C[C@H]1[C@@H]3CC=C4CC(=O)C=C[C@]4(C)[C@H]3[C@@H](O)C[C@@]12C	0.0000	
mol0000000718	[NH3+]CC1(CC(=O)[O-])CCCCC1	0.0000	
mol0000000719	[NH2+]=c1ccn([C@@H]2O[C@H](CO)[C@@H](O)[C@@H]2O)c(=O)[nH]1	0.0000	
mol0000000720	CC(C)COCC(CN(Cc1ccccc1)c1ccccc1)[NH+]1CCCC1	0.0000	
mol0000000721	Cc1onc(-c2c(F)cccc2Cl)c1C(=O)N[C@H]1C(=O)N2[C@@H](C(=O)[O-])C(C)(C)S[C@H]12	0.0000	
mol0000000722	COc1ccccc1Oc1c(OCCO)[n-]c(-c2ncccn2)n/c1=N/S(=O)(=O)c1ccc(C(C)(C)C)cc1	0.0000	
mol0000000723	O=C([O-])[PH](=O)(=O)[O-]	0.0000	
mol0000000724	O=C(OC1CC2CC3CC(C1)[NH+]2CC3=O)c1c[nH]c2ccccc12	0.0000	
mol0000000725	C[NH+](C)CCc1c[nH]c2ccc(Cn3cncn3)cc12	0.0000	
mol0000000726	CC[C@H]1OC(=O)[C@H](C)[C@@H](O[C@H]2C[C@@](C)(OC)[C@@H](O)[C@H](C)O2)[C@H](C)[C@@H](O[C@@H]2O[C@H](C)C[C@H]([NH+](C)C)[C@H]2O)[C@](C)(O)C[C@@H](C)C(=O)[C@H](C)[C@@H](O)[C@]1(C)O	1.0000	
mol0000000727	C[NH+](C)CCc1c[nH]c2ccc(C[C@@H]3COC(=O)N3)cc12	0.0000	
mol0000000728	CC(C)CC([NH+](C)C)C1(c2ccc(Cl)cc2)CCC1	0.0000	
mol0000000729	CN[C@@H]1[C@H](O)[C@H]([NH2+]C)[C@H]2O[C@@]3(O)C(=O)C[C@@H](C)O[C@H]3O[C@@H]2[C@H]1O	0.0000	
mol0000000730	CCC[C@@H]1O[C@@H]2C[C@H]3[C@@H]4CC=C5CC(=O)C=C[C@]5(C)[C@H]4[C@@H](O)C[C@]3(C)[C@]2(C(=O)CO)O1	0.0000	
mol0000000731	N[C@@H]1C[C@H]([NH3+])[C@@H](O[C@H]2O[C@H](CO)[C@@H](O)[C@H](O)[C@H]2N)[C@H](O[C@@H]2O[C@H](CO)[C@@H](O[C@H]3O[C@@H](C[NH3+])[C@@H](O)[C@H](O)[C@H]3N)[C@H]2O)[C@H]1O	0.0000	
mol0000000732	C[C@H]1C[N@@H+](C[C@H](Cc2ccccc2)C(=O)NCC(=O)[O-])CC[C@@]1(C)c1cccc(O)c1	0.0000	
mol0000000733	Cc1ccc(C(=O)c2ccc(CC(=O)[O-])n2C)cc1	0.0000	
mol0000000734	CCCC[N@@H+]1C[C@H](O)[C@@H](O)[C@H](O)[C@H]1CO	0.0000	
mol0000000735	OCCOCCN1CCN(C2=Nc3ccccc3Sc3ccccc32)CC1	0.0000	
mol0000000736	C1=C\N=N/N=N\[NH+]=C/1	0.0000	
mol0000000737	CCC(=O)C(CC(C)[NH+](C)C)(c1ccccc1)c1ccccc1	0.0000	
mol0000000738	Cc1cc(C2CCCCC2)n([O-])c(=O)c1	0.0000	
mol0000000739	CC(=O)N(CC(O)CO)c1c(I)c(C(=O)NCCO)c(I)c(C(=O)NCC(O)CO)c1I	0.0000	
mol0000000740	C[NH2+]CCc1ccccn1	0.0000	
mol0000000741	CN(C)c1nc(N(C)C)nc(N(C)C)n1	0.0000	
mol0000000742	C[NH+]1CCN(C(c2ccccc2)c2ccccc2)CC1	0.0000	
mol0000000743	CC(C)[NH+](CCC(C(N)=O)(c1ccccc1)c1ccccn1)C(C)C	0.0000	
mol0000000744	CCc1c2c(nc3ccc(OC(=O)N4CCC([NH+]5CCCCC5)CC4)cc13)-c1cc3c(c(=O)n1C2)COC(=O)[C@]3(O)CC	0.0000	
mol0000000745	Cc1onc(-c2ccccc2)c1C(=O)N[C@@H]1C(=O)N2[C@@H]1SC(C)(C)[C@H]2C(=O)[O-]	1.0000	
mol0000000746	COCCCOc1cc(C[C@@H](C[C@H]([NH3+])[C@@H](O)C[C@@H](C(=O)NCC(C)(C)C(N)=O)C(C)C)C(C)C)ccc1OC	0.0000	
mol0000000747	COC(=O)C1=C(C)[NH+]=C(C)C(C(=O)OCCN(C)Cc2ccccc2)C1c1cccc([N+](=O)[O-])c1	0.0000	
mol0000000748	C=CCN1CC[C@]23c4c5ccc(O)c4O[C@H]2C(=O)CC[C@@]3(O)[C@H]1C5	0.0000	
mol0000000749	CC(=O)CC(c1ccc([N+](=O)[O-])cc1)c1c([O-])c2ccccc2oc1=O	0.0000	
mol0000000750	Cc1ncc([N+](=O)[O-])n1CCO	0.0000	
mol0000000751	COc1cc2nc(N3CCN(C(=O)C4CCCO4)CC3)nc(N)c2cc1OC	0.0000	
mol0000000752	CC[NH+](CC)CCOC(=O)c1ccc(N)cc1Cl	0.0000	
mol0000000753	C[C@@H]([NH2+]CCCc1cccc(C(F)(F)F)c1)c1cccc2ccccc12	0.0000	
mol0000000754	CCn1nc(C(=O)[O-])c(=O)c2cc3c(cc21)OCO3	0.0000	
mol0000000755	Cc1c(OCC(F)(F)F)ccnc1C[S+](O)c1nc2ccccc2[nH]1	1.0000	
mol0000000756	C[NH2+][C@H]1CC[C@@H](c2ccc(Cl)c(Cl)c2)c2ccccc21	0.0000	
mol0000000757	O=C([O-])CC(O)CC(O)/C=C/c1c(C2CC2)nc2ccccc2c1-c1ccc(F)cc1	0.0000	
mol0000000758	C[NH2+]CC[C@@H](Oc1ccccc1C)c1ccccc1	0.0000	
mol0000000759	Cc1oncc1C(=O)Nc1ccc(C(F)(F)F)cc1	1.0000	
mol0000000760	CC[C@H](C)n1ncn(-c2ccc(N3CCN(c4ccc(OC[C@H]5CO[C@](Cn6cncn6)(c6ccc(Cl)cc6Cl)O5)cc4)CC3)cc2)c1=O	1.0000	
mol0000000761	CC(C)[NH2+]CC(O)COc1ccc(COCCOC(C)C)cc1	0.0000	
mol0000000762	CCC1(CCC(C)C)C(=O)NC(=O)NC1=O	0.0000	
mol0000000763	COc1cc([C@@H]2c3cc4c(cc3[C@@H](O[C@@H]3O[C@@H]5CO[C@@H](C)O[C@H]5[C@H](O)[C@H]3O)[C@H]3COC(=O)[C@H]23)OCO4)cc(OC)c1O	1.0000	
mol0000000764	C1N2CN3CN1C[NH+](C2)C3	0.0000	
mol0000000765	NC(CCC[NH3+])(C(=O)[O-])C(F)F	0.0000	
mol0000000766	Cc1cccc(C)c1OCC(C)[NH3+]	0.0000	
mol0000000767	C[N@@H+]1CCc2cccc3c2[C@H]1Cc1ccc(O)c(O)c1-3	0.0000	
mol0000000768	Clc1ccccc1C(c1ccccc1)(c1ccccc1)n1ccnc1	0.0000	
mol0000000769	O=C1NC(c2ccccc2)(c2ccccc2)C(=O)N1CO[PH](=O)(=O)[O-]	0.0000	
mol0000000770	C[C@]12CC[C@@H]3c4ccc(O)cc4CC[C@H]3[C@@H]1CC[C@@H]2O	0.0000	
mol0000000771	C[N+](C)(C)CCOC(N)=O	0.0000	
mol0000000772	COCC(NC(C)=O)C(=O)NCc1ccccc1	0.0000	
mol0000000773	CC(C)(C)[NH2+]CC(O)c1ccc([O-])c(CO)n1	0.0000	
mol0000000774	CCc1nn(CCCN2CCN(c3cccc(Cl)c3)CC2)c(=O)n1CCOc1ccccc1	0.0000	
mol0000000775	Cc1nnc2n1-c1ccc(Cl)cc1C(c1ccccc1)=NC2	0.0000	
mol0000000776	COc1ccc2c(c1)N(C[C@H](C)C[NH+](C)C)c1ccccc1S2	0.0000	
mol0000000777	N/C([O-])=N/O	1.0000	
mol0000000778	O=c1[nH]c(=O)n(C2CC(O)C(CO)O2)cc1C(F)(F)F	0.0000	
mol0000000779	CCOC(=O)C1=C[C@@H](OC(CC)CC)[C@H](NC(C)=O)[C@@H]([NH3+])C1	1.0000	
mol0000000780	C=CC[NH3+]	0.0000	
mol0000000781	CC(C)(S)C([NH3+])C(=O)[O-]	0.0000	
mol0000000782	CC(C)[N+](C)(CCOC(=O)C1c2ccccc2Oc2ccccc21)C(C)C	0.0000	
mol0000000783	CC(C)(C)[NH2+]C[C@@H](O)COc1cccc2c1C[C@H](O)[C@H](O)C2	0.0000	
mol0000000784	CCOc1ccc(C[C@@H]2NC(=O)CCSSC[C@@H](C(=O)N3CCC[C@H]3C(=O)N[C@@H](CCC[NH3+])C(=O)NCC(N)=O)NC(=O)[C@H](CC(N)=O)NC(=O)[C@H]([C@@H](C)O)NC(=O)[C@H]([C@@H](C)CC)NC2=O)cc1	0.0000	
mol0000000785	C[NH2+][C@H](CC(C)C)C(=O)N[C@H]1C(=O)N[C@@H](CC(N)=O)C(=O)N[C@H]2C(=O)Nc3c([O-])[nH]c(c([O-])[nH]c(=C([O-])[O-])c4cc(O)cc(O)c4c4cc3ccc4[O-])[C@H](O)c3ccc(c(Cl)c3)Oc3cc2cc(c3O[C@@H]2O[C@H](CO)[C@@H](O)[C@H](O)[C@H]2O[C@H]2C[C@](C)([NH3+])[C@H](O)[C@H](C)O2)Oc2ccc(cc2Cl)[C@H]1O	0.0000	
mol0000000786	CC(C)CC(NC(=O)C(Cc1c[nH]c2ccccc12)NC(=O)C(Cc1ccc(O)cc1)NC(=O)C(CO)NC(=O)C(Cc1c[nH]c2ccccc12)NC(=O)C(Cc1c[nH]cn1)NC(=O)C1CCC(=O)N1)C(=O)NC(CCC[NH+]=C(N)N)C(=O)N1CCCC1C(=O)NCC(N)=O	0.0000	
mol0000000787	[NH3+]CCc1ccc(O)c(O)c1	0.0000	
mol0000000788	COc1ccnc(C[S+](O)c2nc3cc(OC(F)F)ccc3[nH]2)c1OC	0.0000	
mol0000000789	Oc1ccc(OCc2ccccc2)cc1	0.0000	
mol0000000790	CC[NH+](CCCCOC(=O)c1ccc(OC)c(OC)c1)C(C)Cc1ccc(OC)cc1	0.0000	
mol0000000791	O=C(CCCCCC/C(O)=N\O)Nc1ccccc1	0.0000	
mol0000000792	[NH2+]=c1[nH]c(=O)c2c(CCc3ccc(C(=O)NC(CCC(=O)[O-])C(=O)[O-])cc3)c[nH]c2[nH]1	0.0000	
mol0000000793	[NH2+]=c1[nH]c(Cl)nc2c1ncn2C1OC(CO)C(O)C1F	1.0000	
mol0000000794	CC=CC1=C(C(=O)[O-])N2C(=O)C(NC(=O)C([NH3+])c3ccc(O)cc3)C2SC1	0.0000	
mol0000000795	CC1(C)O[C@@H]2C[C@@H]3[C@@H]4CC(F)=C5CC(=O)C=C[C@]5(C)[C@H]4[C@@H](O)C[C@]3(C)[C@]2(C(=O)CO)O1	0.0000	
mol0000000796	CCCC(C)C1(CC)C(=O)NC(=O)NC1=O	0.0000	
mol0000000797	COc1[n-]c(=[NH2+])nc2c1ncn2[C@H]1O[C@H](CO)[C@@H](O)[C@@H]1O	0.0000	
mol0000000798	OCC[NH+]1CCN(CC/C=C2/c3ccccc3Sc3ccc(Cl)cc32)CC1	0.0000	
mol0000000799	CCCCC(F)(F)[C@@]1(O)CC[C@H]2[C@@H](CC(=O)[C@@H]2CCCCCCC(=O)[O-])O1	0.0000	
mol0000000800	CC(C)Nc1cccnc1N1CCN(C(=O)c2cc3cc(NS(C)(=O)=O)ccc3[nH]2)CC1	0.0000	
mol0000000801	CC[NH+](CC)CCCC(C)/[NH+]=c1\cc[nH]c2cc(Cl)ccc12	0.0000	
mol0000000802	NC1=[NH+]CC2c3ccccc3Cc3ccccc3N12	0.0000	
mol0000000803	O=C(NC(CO)C(O)c1ccc([N+](=O)[O-])cc1)C(Cl)Cl	0.0000	
mol0000000804	C[NH+]1CCN(CCCN2c3ccccc3Sc3ccc(Cl)cc32)CC1	0.0000	
mol0000000805	C[C@]1(O)CC[C@H]2[C@@H]3CC=C4CC(=O)CC[C@]4(C)[C@@]3(F)[C@@H](O)C[C@@]21C	0.0000	
mol0000000806	c1ccc2[nH]c(-c3cscn3)nc2c1	0.0000	
mol0000000807	CCC(=O)[C@@]1(C)[C@H](C)C[C@H]2[C@@H]3CC=C4CC(=O)C=C[C@]4(C)[C@H]3[C@@H](O)C[C@@]21C	0.0000	
mol0000000808	C[NH+](C)CCc1c[nH]c2ccc(CS(=O)(=O)N3CCCC3)cc12	0.0000	
mol0000000809	NC(=O)OCC(COC(N)=O)c1ccccc1	0.0000	
mol0000000810	CCc1[nH]c(=[NH2+])[nH]c(=[NH2+])c1-c1ccc(Cl)cc1	0.0000	
mol0000000811	C[NH+](C)[C@@H]1C(=O)/C(=C(/[NH3+])[O-])C(=O)[C@@]2(O)C(=O)C3=C([O-])c4c([O-])ccc(Cl)c4[C@@](C)(O)[C@H]3C[C@@H]12	0.0000	
mol0000000812	COc1cc2[nH]c(N(C)CCCNC(=O)C3CCCO3)nc(=[NH2+])c2cc1OC	0.0000	
mol0000000813	CN1CC(=O)N2[C@@H](Cc3c([nH]c4ccccc34)[C@H]2c2ccc3c(c2)OCO3)C1=O	0.0000	
mol0000000814	CC(C)C([NH3+])C(=O)OCC(CO)OCn1cnc2c(=O)[nH]c(=[NH2+])[nH]c21	0.0000	
mol0000000815	OCC(S)CS	0.0000	
mol0000000816	[NH2+]=c1ccn([C@H]2CC[C@@H](CO)O2)c(=O)[nH]1	0.0000	
mol0000000817	C[NH+](C)CCCC1(c2ccc(F)cc2)OCc2cc(C#N)ccc21	0.0000	
mol0000000818	C[NH+](C)CCC[C@@]1(c2ccc(F)cc2)OCc2cc(C#N)ccc21	0.0000	
mol0000000819	CC(C)OC(=O)CCC/C=C/CC1C(O)CC(O)C1/C=C/C(F)(F)COc1ccccc1	0.0000	
mol0000000820	C[N@@H+]1CC[C@]23c4c5ccc(O)c4O[C@H]2C(=O)CC[C@H]3[C@H]1C5	0.0000	
mol0000000821	[NH3+][C@@H]1[C@@H]2CN(c3nc4c(cc3F)c(=O)c(C(=O)[O-])cn4-c3ccc(F)cc3F)C[C@@H]21	0.0000	
mol0000000822	O=C(Oc1ccccc1C(=O)[O-])c1ccccc1O	0.0000	
mol0000000823	Cc1cc2c(s1)=Nc1ccccc1NC=2N1CC[NH+](C)CC1	0.0000	
mol0000000824	[NH2+]=c1[nH]c(=S)c2[nH]cnc2[nH]1	0.0000	
mol0000000825	N[C@H]1C[C@@H](N[C@H](O)C(=O)CC[NH3+])[C@H](O[C@H]2O[C@H](CO)[C@@H](O)[C@H]([NH3+])[C@H]2O)[C@@H](O)[C@@H]1O[C@H]1O[C@H](C[NH3+])[C@@H](O)[C@H](O)[C@H]1O	0.0000	
mol0000000826	CO[C@@]1(NC(=O)Cc2cccs2)C(=O)N2C(C(=O)[O-])=C(COC(N)=O)CS[C@@H]21	0.0000	
mol0000000827	CCOC(=O)C1(c2ccccc2)CC[NH+](C)CC1	0.0000	
mol0000000828	N=c1ncn(C2CC(O)C(CO)O2)c(=O)[nH]1	0.0000	
mol0000000829	COc1cc(NS(C)(=O)=O)ccc1N=c1c2ccccc2[nH]c2ccccc12	1.0000	
mol0000000830	OC(c1cc(C(F)(F)F)nc2c(C(F)(F)F)cccc12)C1CCCC[NH2+]1	0.0000	
mol0000000831	Oc1cc(Cl)ccc1Oc1ccc(Cl)cc1Cl	0.0000	
mol0000000832	CCCCC[C@H](O)/C=C/[C@H]1[C@H](O)CC(=O)[C@@H]1C/C=C\CCCC(=O)[O-]	0.0000	
mol0000000833	C[NH+](C)CCOc1ccc(/C(=C(/CCCl)c2ccccc2)c2ccccc2)cc1	0.0000	
mol0000000834	CCN1CC(CCN2CCOCC2)C(c2ccccc2)(c2ccccc2)C1=O	0.0000	
mol0000000835	CC(=O)[C@@]1(O)CC[C@H]2C3=CC(C)=C4CC(=O)CC[C@]4(C)[C@H]3CC[C@@]21C	0.0000	
mol0000000836	Clc1ccc2nsnc2c1NC1=[NH+]CCN1	1.0000	
mol0000000837	COc1cc2[nH]cn/c(=[NH+]\c3ccc(F)c(Cl)c3)c2cc1OCCC[NH+]1CCOCC1	0.0000	
mol0000000838	CC[NH+](CC)CC#CCOC(=O)C(O)(c1ccccc1)C1CCCCC1	0.0000	
mol0000000839	C[NH+]1CCN(C2=Nc3ccccc3Oc3ccc(Cl)cc32)CC1	0.0000	
mol0000000840	Cc1cc(C(=O)NNCc2ccccc2)no1	0.0000	
mol0000000841	COc1ccccc1OCC(O)CN1CCN(CC(=O)Nc2c(C)cccc2C)CC1	0.0000	
mol0000000842	CCC(=O)O[C@](Cc1ccccc1)(c1ccccc1)[C@H](C)C[NH+](C)C	0.0000	
mol0000000843	CC(C)CC(NC(=O)CNC(=O)C(Cc1ccc(O)cc1)NC(=O)C(CO)NC(=O)C(Cc1c[nH]c2ccccc12)NC(=O)C(Cc1c[nH]cn1)NC(=O)C1CCC(=O)N1)C(=O)NC(CCC[NH+]=C(N)N)C(=O)N1CCCC1C(=O)NCC(N)=O	0.0000	
mol0000000844	CC(=O)N1CCN(c2ccc(OC[C@H]3CO[C@](Cn4ccnc4)(c4ccc(Cl)cc4Cl)O3)cc2)CC1	1.0000	
mol0000000845	Cc1cn([C@H]2C=C[C@@H](CO)O2)c(=O)[nH]c1=O	1.0000	
mol0000000846	CC[C@H](C)[C@@H]1NC(=O)[C@H](Cc2ccc(O)cc2)NC(=O)[C@@H](N)CSSC[C@@H](C(=O)N2CCC[C@H]2C(=O)N[C@@H](CC(C)C)C(=O)NCC(N)=O)NC(=O)[C@H](CC(N)=O)NC(=O)[C@H](CCC(N)=O)NC1=O	0.0000	
mol0000000847	Cc1cccc(/[NH+]=c2\cc[nH]cc2S(=O)(=O)[N-]C(=O)NC(C)C)c1	0.0000	
mol0000000848	CCOC(=O)C(CCc1ccccc1)NC1CCc2ccccc2N(CC(=O)[O-])C1=O	0.0000	
mol0000000849	O=C1Nc2ccc(Cl)cc2[C@@](C#CC2CC2)(C(F)(F)F)O1	1.0000	
mol0000000850	C[NH2+][C@@H]1CCc2[nH]c3ccc(C(N)=O)cc3c2C1	0.0000	
mol0000000851	O=c1[nH]c(=O)n([C@H]2C[C@H](O)[C@@H](CO)O2)cc1I	0.0000	
mol0000000852	[NH2+]=c1[nH]c(=O)n([C@@H]2CS[C@H](CO)O2)cc1F	0.0000	
mol0000000853	COc1ccc(Cc2nccc3cc(OC)c(OC)cc23)cc1OC	0.0000	
mol0000000854	[NH2+]=c1[nH]c(=O)[nH]cc1F	0.0000	
mol0000000855	N=C(N)NC(=O)c1nc(Cl)c(=[NH2+])[nH]c1N	0.0000	
mol0000000856	CCN(C)C(=O)Oc1cccc([C@H](C)[NH+](C)C)c1	0.0000	
mol0000000857	COc1c(N2CC[NH2+]C(C)C2)c(F)cc2c(=O)c(C(=O)[O-])cn(C3CC3)c12	0.0000	
mol0000000858	N=C(CCSCc1cs/c(=N\C(N)=[NH2+])[nH]1)NS(N)(=O)=O	0.0000	
mol0000000859	C[C@H]1O[C@H](O[C@@H]2[C@@H](CO)O[C@H](O[C@@H]3[C@@H](CO)O[C@@H](O)[C@H](O)[C@H]3O)[C@H](O)[C@H]2O)[C@H](O)[C@@H](O)[C@@H]1N[C@H]1C=C(CO)[C@H](O)[C@H](O)[C@H]1O	0.0000	
mol0000000860	CN(C(=O)CC(=O)N(C)c1c(I)c(C(=O)NC(CO)C(O)CO)c(I)c(C(=O)NC(CO)C(O)CO)c1I)c1c(I)c(C(=O)NC(CO)C(O)CO)c(I)c(C(=O)NC(CO)C(O)CO)c1I	0.0000	
mol0000000861	[NH3+]C(Cc1cc(I)c(Oc2cc(I)c([O-])c(I)c2)c(I)c1)C(=O)[O-]	0.0000	
mol0000000862	CC(C)c1c(C(=O)Nc2ccccc2)c(-c2ccccc2)c(-c2ccc(F)cc2)n1CC[C@@H](O)C[C@@H](O)CC(=O)[O-]	0.0000	
mol0000000863	CC(C)(C)[NH2+]CC(O)c1cc(O)cc(O)c1	0.0000	
mol0000000864	CC1(C)NC(=O)N(c2ccc([N+](=O)[O-])c(C(F)(F)F)c2)C1=O	0.0000	
mol0000000865	CC[NH+](CC)C(C)C(=O)c1ccccc1	0.0000	
mol0000000866	CC[NH+](CCO)CCCC(C)/[NH+]=c1\cc[nH]c2cc(Cl)ccc12	0.0000	
mol0000000867	Brc1c(NC2=[NH+]CCN2)ccc2nccnc12	0.0000	
mol0000000868	CN(C)C(=[NH2+])[NH+]=C(N)N	0.0000	
mol0000000869	CCOP(=O)(OCC)C(C)NC(=O)N(CCCl)N=O	0.0000	
mol0000000870	CC(C)(C#N)c1cc(Cn2cncn2)cc(C(C)(C)C#N)c1	1.0000	
mol0000000871	CCCC[N@@+]1(C)[C@H]2C[C@H](OC(=O)[C@@H](CO)c3ccccc3)C[C@@H]1[C@H]1O[C@@H]21	0.0000	
mol0000000872	COc1ccc(CN(CC[NH+](C)C)c2ccccn2)cc1	0.0000	
mol0000000873	CCC[N@@H+]1C[C@H](CSC)C[C@@H]2c3cccc4[nH]cc(c34)C[C@H]21	0.0000	
mol0000000874	Cc1onc(-c2c(Cl)cccc2Cl)c1C(=O)N[C@@H]1C(=O)N2[C@@H]1SC(C)(C)[C@H]2C(=O)[O-]	1.0000	
mol0000000875	[NH2+]=c1ccn(C[C@@H](CO)OC[PH](=O)(=O)[O-])c(=O)[nH]1	0.0000	
mol0000000876	O=C(NCCN1CCOCC1)c1ccc(Cl)cc1	0.0000	
mol0000000877	COc1cc([C@@H]2c3cc4c(cc3[C@H](O)[C@H]3COC(=O)[C@H]23)OCO4)cc(OC)c1OC	0.0000	
mol0000000878	COc1ccc2cccc(CCNC(C)=O)c2c1	0.0000	
mol0000000879	COc1cc(CNC(=O)CCCC/C=C\C(C)C)ccc1O	0.0000	
mol0000000880	COc1cc(CNC(=O)CCCC/C=C/C(C)C)ccc1O	0.0000	
mol0000000881	CO/C=C1/CSC2/C(=N/C(=O)C(NOC)c3csc(=N)[nH]3)C(=O)N2C1C(=O)[O-]	0.0000	
mol0000000882	CCC(=O)NCC[C@@H]1CCc2ccc3c(c21)CCO3	0.0000	
mol0000000883	CC(C)CN(C[C@@H](O)[C@H](Cc1ccccc1)NC(=O)O[C@H]1CCOC1)S(=O)(=O)c1ccc(N)cc1	0.0000	
mol0000000884	CCOC(=O)C1=C(COCC[NH3+])[NH+]=C(C)C(C(=O)OC)C1c1ccccc1Cl	0.0000	
mol0000000885	CC(C)OC(=O)C(C)(C)Oc1ccc(C(=O)c2ccc(Cl)cc2)cc1	0.0000	
mol0000000886	C[NH2+]C1(c2ccccc2Cl)CCCCC1=O	0.0000	
mol0000000887	C[NH2+][C@]1(c2ccccc2Cl)CCCCC1=O	0.0000	
mol0000000888	CC(=O)Oc1ccccc1C(=O)/N=c1/[nH]cc([N+](=O)[O-])s1	0.0000	
mol0000000889	CN1CCC[NH+]=C1/C=C/c1cccs1	0.0000	
mol0000000890	CC(S)C(=O)NCC(=O)[O-]	0.0000	
mol0000000891	Cn1c(CCCC(=O)[O-])[nH+]c2cc(N(CCCl)CCCl)ccc21	0.0000	
mol0000000892	O=c1[nH]c2ccccc2n1C1CC[NH+](CCCC(c2ccc(F)cc2)c2ccc(F)cc2)CC1	0.0000	
mol0000000893	COc1ccc(C[C@@H]2c3cc(OC)c(OC)cc3CC[N@+]2(C)CCC(=O)OCCCCCOC(=O)CC[N@@+]2(C)CCc3cc(OC)c(OC)cc3[C@H]2Cc2ccc(OC)c(OC)c2)cc1OC	0.0000	
mol0000000894	COc1ccc(CC2c3cc(OC)c(OC)cc3CC[N+]2(C)CCC(=O)OCCCCCOC(=O)CC[N+]2(C)CCc3cc(OC)c(OC)cc3C2Cc2ccc(OC)c(OC)c2)cc1OC	0.0000	
mol0000000895	[O-]c1ccc(O)c2c([O-])c3c(NC/C=[NH+]\CCO)ccc(NCC[NH2+]CCO)c3c(O)c12	0.0000	
mol0000000896	CCCCC1=NC2(CCCC2)C(=O)N1Cc1ccc(-c2ccccc2-c2nn[n-]n2)cc1	0.0000	
mol0000000897	CC1=C2CC(=O)C=C[C@]2(C)[C@H]2[C@@H](O)C[C@@]3(C)[C@@H](CC[C@]3(O)C(=O)CO)[C@@H]2C1	0.0000	
mol0000000898	Cc1ccc(-c2nc3ccc(C)cn3c2CC(=O)N(C)C)cc1	0.0000	
mol0000000899	Cc1c[nH]/c(=N/C(=O)C2C(=O)c3ccccc3S(=O)(=O)N2C)s1	0.0000	
mol0000000900	CC1=C(C(=O)[O-])N2C(=O)C(NC(=O)C([NH3+])c3ccccc3)C2SC1	0.0000	
mol0000000901	CC(C)[NH2+]CC(O)c1ccc(NS(C)(=O)=O)cc1	0.0000	
mol0000000902	Cc1n/c(=[NH+]\c2ncc(C(=O)Nc3c(C)cccc3Cl)s2)cc(N2CC[NH+](CCO)CC2)[nH]1	0.0000	
mol0000000903	Nc1c(CC(=O)[O-])cccc1C(=O)c1ccc(Br)cc1	0.0000	
mol0000000904	C[C@@H]1C[N@H+]([C@H]2CC[C@@](C#N)(c3ccc(F)cc3)CC2)CC[C@]1(C(=O)[O-])c1ccccc1	0.0000	
mol0000000905	C[NH+]1CCC(=C2c3ccccc3CC(=O)c3sccc32)CC1	0.0000	
mol0000000906	C[C@@H]1OC(=O)C[C@@H](O)C[C@@H](O)C[C@@H](O)CC[C@H](O)[C@@H](O)CC(=O)C[C@@H](O)[C@@H](C(=O)[O-])[C@@H](O)C[C@@H](O[C@H]2O[C@H](C)[C@@H](O)[C@H]([NH3+])[C@@H]2O)/C=C\C=C/C=C\C=C/CC/C=C\C=C/[C@H](C)[C@@H](O)[C@H]1C	0.0000	
mol0000000907	CCC(C)C1NC(=O)C(Cc2ccc(O)cc2)NC(=O)C(N)CSSCC(C(=O)N2CCCC2C(=O)NC(CC(C)C)C(=O)NCC(N)=O)NC(=O)C(CC(N)=O)NC(=O)C(C(C)O)NC1=O	0.0000	
mol0000000908	NC(=O)CCC([NH3+])C(=O)[O-]	0.0000	
mol0000000909	CCn1cc(C(=O)[O-])c(=O)c2cc(F)c(N3CC[NH2+]C(C)C3)c(F)c21	0.0000	
mol0000000910	C[NH2+]CCC(Oc1cccc2ccccc12)c1cccs1	1.0000	
mol0000000911	C[NH+]1CCN(CCCN2c3ccccc3Sc3ccc(C(F)(F)F)cc32)CC1	0.0000	
mol0000000912	Cn1c(=O)c2[nH]cnc2n(C)c1=O	0.0000	
mol0000000913	CC(C)(CO)C(=O)C(O)[NH2+]CCCO	0.0000	
mol0000000914	O=C([O-])COCC[NH+]1CCN(C(c2ccccc2)c2ccc(Cl)cc2)CC1	0.0000	
mol0000000915	CCC[NH+]1CCCCC1C(=O)Nc1c(C)cccc1C	0.0000	
mol0000000916	CC1(C)O[C@@H]2C[C@H]3[C@H]4CC=C5CC(=O)C=C[C@]5(C)[C@H]4[C@H](O)C[C@@]3(C)[C@]2(C(=O)CO)O1	0.0000	
mol0000000917	O=S(=O)([O-])CCS	0.0000	
mol0000000918	C[NH+]1C2CCC1CC(OC(=O)c1c[nH]c3ccccc13)C2	0.0000	
mol0000000919	C[C@H]1c2cccc([O-])c2C(=O)[C@@H]2C(=O)[C@]3(O)C(=O)[C-](C(N)=O)C(=O)[C@@H](N(C)C)[C@@H]3[C@@H](O)[C@@H]21	1.0000	
mol0000000920	C[NH+](C)CCCN1c2ccccc2Sc2ccc(Cl)cc21	0.0000	
mol0000000921	O=C1Nc2ccc(Cl)cc2C(c2ccccc2)NC1=O	0.0000	
mol0000000922	COC(=O)[C@H]1[C@@H](OC(=O)c2ccccc2)C[C@@H]2CC[C@H]1[N@H+]2C	0.0000	
mol0000000923	OCCOCC[NH+]1CCN(C(c2ccccc2)c2ccc(Cl)cc2)CC1	0.0000	
mol0000000924	Cc1nnc(S/C=C2\CSC3C(NC(=O)Cn4cnnn4)C(=O)N3C2C(=O)[O-])s1	0.0000	
mol0000000925	CO/N=C1/CN(c2nc3c(cc2F)c(=O)c(C(=O)[O-])cn3C2CC2)CC1C[NH3+]	0.0000	
mol0000000926	CC[C@@H](CO)NC(=O)C1=C[C@H]2c3cccc4c3c(cn4C)C[C@H]2N(C)C1	0.0000	
mol0000000927	CC(CN1c2ccccc2CCc2ccccc21)C[NH+](C)C	0.0000	
mol0000000928	CN(N=O)C(=O)N[C@H]1[C@@H](O)O[C@H](CO)[C@@H](O)[C@@H]1O	1.0000	
mol0000000929	O=c1[nH]c([O-])cn1/N=C/c1ccc([N+](=O)[O-])o1	0.0000	
mol0000000930	C[NH+]1C2CCC1CC(OC(=O)C(O)c1ccccc1)C2	0.0000	
mol0000000931	CCC(=O)N(c1ccccc1)C1(C(=O)OC)CCN(CCC(=O)OC)CC1	0.0000	
mol0000000932	CC(C)c1nc(N(C)S(C)(=O)=O)nc(-c2ccc(F)cc2)c1CC[C@@H](O)C[C@@H](O)CC(=O)[O-]	0.0000	
mol0000000933	NS(=O)(=O)c1cc(C(=O)[O-])c(NCc2ccco2)cc1Cl	0.0000	
mol0000000934	C[NH+](C)CCOC(c1ccccc1)c1ccccc1	0.0000	
